date,sn,sn_err,n_obs,definitive
1749-01-01,96.7,,-1,1
1749-02-01,104.3,,-1,1
1749-03-01,116.7,,-1,1
1749-04-01,92.8,,-1,1
1749-05-01,141.7,,-1,1
1749-06-01,139.2,,-1,1
1749-07-01,158.0,,-1,1
1749-08-01,110.5,,-1,1
1749-09-01,126.5,,-1,1
1749-10-01,125.8,,-1,1
1749-11-01,264.3,,-1,1
1749-12-01,142.0,,-1,1
1750-01-01,122.2,,-1,1
1750-02-01,126.5,,-1,1
1750-03-01,148.7,,-1,1
1750-04-01,147.2,,-1,1
1750-05-01,150.0,,-1,1
1750-06-01,166.7,,-1,1
1750-07-01,142.3,,-1,1
1750-08-01,171.7,,-1,1
1750-09-01,152.0,,-1,1
1750-10-01,109.5,,-1,1
1750-11-01,105.5,,-1,1
1750-12-01,125.7,,-1,1
1751-01-01,116.7,,-1,1
1751-02-01,72.5,,-1,1
1751-03-01,75.5,,-1,1
1751-04-01,94.0,,-1,1
1751-05-01,101.2,,-1,1
1751-06-01,84.5,,-1,1
1751-07-01,110.5,,-1,1
1751-08-01,99.7,,-1,1
1751-09-01,39.2,,-1,1
1751-10-01,38.7,,-1,1
1751-11-01,47.5,,-1,1
1751-12-01,73.3,,-1,1
1752-01-01,58.3,,-1,1
1752-02-01,83.3,,-1,1
1752-03-01,118.3,,-1,1
1752-04-01,98.8,,-1,1
1752-05-01,99.5,,-1,1
1752-06-01,66.0,,-1,1
1752-07-01,130.7,,-1,1
1752-08-01,48.8,,-1,1
1752-09-01,45.2,,-1,1
1752-10-01,77.7,,-1,1
1752-11-01,62.7,,-1,1
1752-12-01,66.7,,-1,1
1753-01-01,73.3,,-1,1
1753-02-01,53.3,,-1,1
1753-03-01,76.2,,-1,1
1753-04-01,63.3,,-1,1
1753-05-01,60.0,,-1,1
1753-06-01,52.8,,-1,1
1753-07-01,36.7,,-1,1
1753-08-01,65.0,,-1,1
1753-09-01,46.7,,-1,1
1753-10-01,41.7,,-1,1
1753-11-01,33.3,,-1,1
1753-12-01,11.2,,-1,1
1754-01-01,0.0,,-1,1
1754-02-01,5.0,,-1,1
1754-03-01,2.8,,-1,1
1754-04-01,22.8,,-1,1
1754-05-01,34.5,,-1,1
1754-06-01,44.5,,-1,1
1754-07-01,31.3,,-1,1
1754-08-01,20.5,,-1,1
1754-09-01,13.7,,-1,1
1754-10-01,40.2,,-1,1
1754-11-01,22.0,,-1,1
1754-12-01,7.0,,-1,1
1755-01-01,17.0,,-1,1
1755-02-01,18.7,,-1,1
1755-03-01,11.3,,-1,1
1755-04-01,10.8,,-1,1
1755-05-01,0.0,,-1,1
1755-06-01,0.0,,-1,1
1755-07-01,14.3,,-1,1
1755-08-01,5.3,,-1,1
1755-09-01,29.7,,-1,1
1755-10-01,39.5,,-1,1
1755-11-01,11.3,,-1,1
1755-12-01,33.3,,-1,1
1756-01-01,20.8,,-1,1
1756-02-01,11.8,,-1,1
1756-03-01,9.0,,-1,1
1756-04-01,15.7,,-1,1
1756-05-01,20.8,,-1,1
1756-06-01,21.5,,-1,1
1756-07-01,6.0,,-1,1
1756-08-01,10.7,,-1,1
1756-09-01,19.7,,-1,1
1756-10-01,23.8,,-1,1
1756-11-01,28.3,,-1,1
1756-12-01,15.7,,-1,1
1757-01-01,23.5,,-1,1
1757-02-01,35.3,,-1,1
1757-03-01,43.7,,-1,1
1757-04-01,50.0,,-1,1
1757-05-01,63.5,,-1,1
1757-06-01,21.3,,-1,1
1757-07-01,41.7,,-1,1
1757-08-01,85.5,,-1,1
1757-09-01,66.2,,-1,1
1757-10-01,54.2,,-1,1
1757-11-01,107.8,,-1,1
1757-12-01,55.8,,-1,1
1758-01-01,62.7,,-1,1
1758-02-01,86.7,,-1,1
1758-03-01,81.7,,-1,1
1758-04-01,120.5,,-1,1
1758-05-01,77.3,,-1,1
1758-06-01,75.0,,-1,1
1758-07-01,73.3,,-1,1
1758-08-01,64.5,,-1,1
1758-09-01,104.2,,-1,1
1758-10-01,62.8,,-1,1
1758-11-01,71.7,,-1,1
1758-12-01,71.7,,-1,1
1759-01-01,80.5,,-1,1
1759-02-01,73.3,,-1,1
1759-03-01,78.0,,-1,1
1759-04-01,78.3,,-1,1
1759-05-01,81.7,,-1,1
1759-06-01,83.3,,-1,1
1759-07-01,85.0,,-1,1
1759-08-01,118.8,,-1,1
1759-09-01,128.7,,-1,1
1759-10-01,99.5,,-1,1
1759-11-01,77.2,,-1,1
1759-12-01,95.0,,-1,1
1760-01-01,112.2,,-1,1
1760-02-01,99.2,,-1,1
1760-03-01,124.5,,-1,1
1760-04-01,97.2,,-1,1
1760-05-01,120.0,,-1,1
1760-06-01,80.5,,-1,1
1760-07-01,110.0,,-1,1
1760-08-01,126.0,,-1,1
1760-09-01,102.2,,-1,1
1760-10-01,84.3,,-1,1
1760-11-01,99.5,,-1,1
1760-12-01,101.7,,-1,1
1761-01-01,116.7,,-1,1
1761-02-01,151.7,,-1,1
1761-03-01,134.5,,-1,1
1761-04-01,119.5,,-1,1
1761-05-01,178.7,,-1,1
1761-06-01,165.5,,-1,1
1761-07-01,156.8,,-1,1
1761-08-01,151.8,,-1,1
1761-09-01,167.8,,-1,1
1761-10-01,147.8,,-1,1
1761-11-01,149.5,,-1,1
1761-12-01,76.7,,-1,1
1762-01-01,73.0,,-1,1
1762-02-01,121.3,,-1,1
1762-03-01,76.2,,-1,1
1762-04-01,100.3,,-1,1
1762-05-01,66.5,,-1,1
1762-06-01,128.5,,-1,1
1762-07-01,56.3,,-1,1
1762-08-01,112.8,,-1,1
1762-09-01,114.2,,-1,1
1762-10-01,115.5,,-1,1
1762-11-01,129.7,,-1,1
1762-12-01,128.7,,-1,1
1763-01-01,94.2,,-1,1
1763-02-01,53.2,,-1,1
1763-03-01,57.0,,-1,1
1763-04-01,54.8,,-1,1
1763-05-01,54.5,,-1,1
1763-06-01,59.7,,-1,1
1763-07-01,90.3,,-1,1
1763-08-01,44.2,,-1,1
1763-09-01,113.5,,-1,1
1763-10-01,77.2,,-1,1
1763-11-01,101.5,,-1,1
1763-12-01,102.3,,-1,1
1764-01-01,99.5,,-1,1
1764-02-01,99.5,,-1,1
1764-03-01,67.0,,-1,1
1764-04-01,57.3,,-1,1
1764-05-01,73.8,,-1,1
1764-06-01,50.0,,-1,1
1764-07-01,50.0,,-1,1
1764-08-01,50.0,,-1,1
1764-09-01,47.0,,-1,1
1764-10-01,46.7,,-1,1
1764-11-01,43.3,,-1,1
1764-12-01,42.8,,-1,1
1765-01-01,40.0,,-1,1
1765-02-01,43.3,,-1,1
1765-03-01,41.7,,-1,1
1765-04-01,36.7,,-1,1
1765-05-01,33.7,,-1,1
1765-06-01,33.3,,-1,1
1765-07-01,45.0,,-1,1
1765-08-01,49.5,,-1,1
1765-09-01,26.7,,-1,1
1765-10-01,23.3,,-1,1
1765-11-01,23.3,,-1,1
1765-12-01,21.7,,-1,1
1766-01-01,20.0,,-1,1
1766-02-01,18.3,,-1,1
1766-03-01,61.0,,-1,1
1766-04-01,10.0,,-1,1
1766-05-01,44.7,,-1,1
1766-06-01,5.0,,-1,1
1766-07-01,5.5,,-1,1
1766-08-01,6.7,,-1,1
1766-09-01,7.2,,-1,1
1766-10-01,8.3,,-1,1
1766-11-01,9.5,,-1,1
1766-12-01,32.0,,-1,1
1767-01-01,45.7,,-1,1
1767-02-01,50.0,,-1,1
1767-03-01,71.7,,-1,1
1767-04-01,54.8,,-1,1
1767-05-01,49.7,,-1,1
1767-06-01,55.5,,-1,1
1767-07-01,36.5,,-1,1
1767-08-01,68.0,,-1,1
1767-09-01,71.2,,-1,1
1767-10-01,73.5,,-1,1
1767-11-01,91.2,,-1,1
1767-12-01,88.8,,-1,1
1768-01-01,89.2,,-1,1
1768-02-01,110.2,,-1,1
1768-03-01,77.2,,-1,1
1768-04-01,71.2,,-1,1
1768-05-01,129.5,,-1,1
1768-06-01,129.0,,-1,1
1768-07-01,87.7,,-1,1
1768-08-01,111.3,,-1,1
1768-09-01,124.7,,-1,1
1768-10-01,129.7,,-1,1
1768-11-01,151.0,,-1,1
1768-12-01,186.3,,-1,1
1769-01-01,123.2,,-1,1
1769-02-01,107.0,,-1,1
1769-03-01,107.2,,-1,1
1769-04-01,161.2,,-1,1
1769-05-01,122.7,,-1,1
1769-06-01,157.3,,-1,1
1769-07-01,197.7,,-1,1
1769-08-01,200.5,,-1,1
1769-09-01,248.0,,-1,1
1769-10-01,263.7,,-1,1
1769-11-01,246.8,,-1,1
1769-12-01,186.7,,-1,1
1770-01-01,173.3,,-1,1
1770-02-01,237.5,,-1,1
1770-03-01,133.5,,-1,1
1770-04-01,85.0,,-1,1
1770-05-01,116.8,,-1,1
1770-06-01,138.8,,-1,1
1770-07-01,183.0,,-1,1
1770-08-01,210.5,,-1,1
1770-09-01,174.0,,-1,1
1770-10-01,172.7,,-1,1
1770-11-01,220.3,,-1,1
1770-12-01,170.5,,-1,1
1771-01-01,60.0,,-1,1
1771-02-01,77.0,,-1,1
1771-03-01,77.8,,-1,1
1771-04-01,108.2,,-1,1
1771-05-01,254.5,,-1,1
1771-06-01,199.2,,-1,1
1771-07-01,112.8,,-1,1
1771-08-01,97.5,,-1,1
1771-09-01,169.0,,-1,1
1771-10-01,150.0,,-1,1
1771-11-01,166.2,,-1,1
1771-12-01,159.5,,-1,1
1772-01-01,168.2,,-1,1
1772-02-01,151.3,,-1,1
1772-03-01,51.8,,-1,1
1772-04-01,153.7,,-1,1
1772-05-01,63.3,,-1,1
1772-06-01,95.0,,-1,1
1772-07-01,128.8,,-1,1
1772-08-01,93.7,,-1,1
1772-09-01,84.2,,-1,1
1772-10-01,131.0,,-1,1
1772-11-01,102.2,,-1,1
1772-12-01,106.7,,-1,1
1773-01-01,91.0,,-1,1
1773-02-01,48.3,,-1,1
1773-03-01,85.3,,-1,1
1773-04-01,54.8,,-1,1
1773-05-01,68.5,,-1,1
1773-06-01,47.3,,-1,1
1773-07-01,46.2,,-1,1
1773-08-01,21.2,,-1,1
1773-09-01,48.8,,-1,1
1773-10-01,43.8,,-1,1
1773-11-01,68.2,,-1,1
1773-12-01,72.0,,-1,1
1774-01-01,78.0,,-1,1
1774-02-01,109.0,,-1,1
1774-03-01,92.8,,-1,1
1774-04-01,73.0,,-1,1
1774-05-01,85.5,,-1,1
1774-06-01,47.5,,-1,1
1774-07-01,29.2,,-1,1
1774-08-01,11.0,,-1,1
1774-09-01,13.2,,-1,1
1774-10-01,23.3,,-1,1
1774-11-01,29.5,,-1,1
1774-12-01,20.3,,-1,1
1775-01-01,7.3,,-1,1
1775-02-01,0.0,,-1,1
1775-03-01,19.3,,-1,1
1775-04-01,18.7,,-1,1
1775-05-01,6.5,,-1,1
1775-06-01,20.5,,-1,1
1775-07-01,1.7,,-1,1
1775-08-01,13.2,,-1,1
1775-09-01,5.3,,-1,1
1775-10-01,9.3,,-1,1
1775-11-01,25.2,,-1,1
1775-12-01,13.2,,-1,1
1776-01-01,36.2,,-1,1
1776-02-01,19.3,,-1,1
1776-03-01,10.5,,-1,1
1776-04-01,36.3,,-1,1
1776-05-01,18.7,,-1,1
1776-06-01,31.7,,-1,1
1776-07-01,1.7,,-1,1
1776-08-01,40.3,,-1,1
1776-09-01,26.7,,-1,1
1776-10-01,50.0,,-1,1
1776-11-01,58.3,,-1,1
1776-12-01,66.7,,-1,1
1777-01-01,75.0,,-1,1
1777-02-01,60.8,,-1,1
1777-03-01,65.0,,-1,1
1777-04-01,159.2,,-1,1
1777-05-01,133.8,,-1,1
1777-06-01,134.5,,-1,1
1777-07-01,158.3,,-1,1
1777-08-01,186.7,,-1,1
1777-09-01,193.7,,-1,1
1777-10-01,177.5,,-1,1
1777-11-01,243.3,,-1,1
1777-12-01,262.2,,-1,1
1778-01-01,295.5,,-1,1
1778-02-01,182.2,,-1,1
1778-03-01,223.3,,-1,1
1778-04-01,241.7,,-1,1
1778-05-01,398.2,,-1,1
1778-06-01,286.0,,-1,1
1778-07-01,255.0,,-1,1
1778-08-01,233.3,,-1,1
1778-09-01,286.2,,-1,1
1778-10-01,260.5,,-1,1
1778-11-01,250.5,,-1,1
1778-12-01,175.0,,-1,1
1779-01-01,191.2,,-1,1
1779-02-01,276.2,,-1,1
1779-03-01,196.7,,-1,1
1779-04-01,241.7,,-1,1
1779-05-01,233.3,,-1,1
1779-06-01,189.5,,-1,1
1779-07-01,238.3,,-1,1
1779-08-01,186.7,,-1,1
1779-09-01,185.0,,-1,1
1779-10-01,206.7,,-1,1
1779-11-01,190.0,,-1,1
1779-12-01,183.3,,-1,1
1780-01-01,116.7,,-1,1
1780-02-01,163.3,,-1,1
1780-03-01,163.3,,-1,1
1780-04-01,158.3,,-1,1
1780-05-01,178.7,,-1,1
1780-06-01,146.7,,-1,1
1780-07-01,143.3,,-1,1
1780-08-01,143.3,,-1,1
1780-09-01,156.2,,-1,1
1780-10-01,128.3,,-1,1
1780-11-01,100.0,,-1,1
1780-12-01,97.8,,-1,1
1781-01-01,164.5,,-1,1
1781-02-01,124.5,,-1,1
1781-03-01,88.3,,-1,1
1781-04-01,113.8,,-1,1
1781-05-01,174.5,,-1,1
1781-06-01,162.8,,-1,1
1781-07-01,122.5,,-1,1
1781-08-01,110.0,,-1,1
1781-09-01,85.0,,-1,1
1781-10-01,45.5,,-1,1
1781-11-01,111.7,,-1,1
1781-12-01,58.7,,-1,1
1782-01-01,90.0,,-1,1
1782-02-01,62.5,,-1,1
1782-03-01,61.7,,-1,1
1782-04-01,68.3,,-1,1
1782-05-01,90.5,,-1,1
1782-06-01,63.3,,-1,1
1782-07-01,61.7,,-1,1
1782-08-01,73.3,,-1,1
1782-09-01,56.7,,-1,1
1782-10-01,38.7,,-1,1
1782-11-01,52.5,,-1,1
1782-12-01,50.0,,-1,1
1783-01-01,46.7,,-1,1
1783-02-01,64.5,,-1,1
1783-03-01,44.5,,-1,1
1783-04-01,47.2,,-1,1
1783-05-01,38.3,,-1,1
1783-06-01,42.0,,-1,1
1783-07-01,53.7,,-1,1
1783-08-01,33.3,,-1,1
1783-09-01,30.0,,-1,1
1783-10-01,13.3,,-1,1
1783-11-01,25.0,,-1,1
1783-12-01,17.5,,-1,1
1784-01-01,21.7,,-1,1
1784-02-01,13.3,,-1,1
1784-03-01,18.3,,-1,1
1784-04-01,16.7,,-1,1
1784-05-01,10.0,,-1,1
1784-06-01,15.0,,-1,1
1784-07-01,10.0,,-1,1
1784-08-01,16.7,,-1,1
1784-09-01,16.7,,-1,1
1784-10-01,13.3,,-1,1
1784-11-01,28.3,,-1,1
1784-12-01,23.3,,-1,1
1785-01-01,10.8,,-1,1
1785-02-01,13.3,,-1,1
1785-03-01,15.0,,-1,1
1785-04-01,26.2,,-1,1
1785-05-01,34.5,,-1,1
1785-06-01,43.8,,-1,1
1785-07-01,60.5,,-1,1
1785-08-01,33.3,,-1,1
1785-09-01,53.3,,-1,1
1785-10-01,78.7,,-1,1
1785-11-01,67.0,,-1,1
1785-12-01,45.5,,-1,1
1786-01-01,62.0,,-1,1
1786-02-01,79.3,,-1,1
1786-03-01,79.5,,-1,1
1786-04-01,142.3,,-1,1
1786-05-01,153.8,,-1,1
1786-06-01,98.3,,-1,1
1786-07-01,138.3,,-1,1
1786-08-01,149.5,,-1,1
1786-09-01,185.8,,-1,1
1786-10-01,187.2,,-1,1
1786-11-01,193.3,,-1,1
1786-12-01,187.8,,-1,1
1787-01-01,224.5,,-1,1
1787-02-01,176.7,,-1,1
1787-03-01,145.7,,-1,1
1787-04-01,212.0,,-1,1
1787-05-01,224.7,,-1,1
1787-06-01,165.3,,-1,1
1787-07-01,213.3,,-1,1
1787-08-01,228.7,,-1,1
1787-09-01,262.2,,-1,1
1787-10-01,261.7,,-1,1
1787-11-01,235.8,,-1,1
1787-12-01,290.0,,-1,1
1788-01-01,230.0,,-1,1
1788-02-01,215.3,,-1,1
1788-03-01,238.8,,-1,1
1788-04-01,180.8,,-1,1
1788-05-01,188.3,,-1,1
1788-06-01,257.0,,-1,1
1788-07-01,235.8,,-1,1
1788-08-01,226.7,,-1,1
1788-09-01,235.0,,-1,1
1788-10-01,236.7,,-1,1
1788-11-01,157.8,,-1,1
1788-12-01,215.8,,-1,1
1789-01-01,190.0,,-1,1
1789-02-01,208.8,,-1,1
1789-03-01,200.0,,-1,1
1789-04-01,205.5,,-1,1
1789-05-01,205.8,,-1,1
1789-06-01,200.0,,-1,1
1789-07-01,195.0,,-1,1
1789-08-01,171.7,,-1,1
1789-09-01,186.7,,-1,1
1789-10-01,149.5,,-1,1
1789-11-01,223.3,,-1,1
1789-12-01,225.8,,-1,1
1790-01-01,171.7,,-1,1
1790-02-01,212.5,,-1,1
1790-03-01,160.5,,-1,1
1790-04-01,156.7,,-1,1
1790-05-01,155.0,,-1,1
1790-06-01,151.7,,-1,1
1790-07-01,115.5,,-1,1
1790-08-01,145.0,,-1,1
1790-09-01,128.8,,-1,1
1790-10-01,140.5,,-1,1
1790-11-01,136.7,,-1,1
1790-12-01,123.3,,-1,1
1791-01-01,121.2,,-1,1
1791-02-01,103.3,,-1,1
1791-03-01,123.3,,-1,1
1791-04-01,128.7,,-1,1
1791-05-01,122.8,,-1,1
1791-06-01,107.0,,-1,1
1791-07-01,118.3,,-1,1
1791-08-01,71.7,,-1,1
1791-09-01,110.8,,-1,1
1791-10-01,102.8,,-1,1
1791-11-01,111.7,,-1,1
1791-12-01,110.0,,-1,1
1792-01-01,96.7,,-1,1
1792-02-01,106.7,,-1,1
1792-03-01,105.0,,-1,1
1792-04-01,126.2,,-1,1
1792-05-01,103.3,,-1,1
1792-06-01,101.7,,-1,1
1792-07-01,76.3,,-1,1
1792-08-01,100.0,,-1,1
1792-09-01,98.3,,-1,1
1792-10-01,98.3,,-1,1
1792-11-01,95.0,,-1,1
1792-12-01,93.3,,-1,1
1793-01-01,93.3,,-1,1
1793-02-01,91.7,,-1,1
1793-03-01,92.5,,-1,1
1793-04-01,88.3,,-1,1
1793-05-01,87.2,,-1,1
1793-06-01,85.0,,-1,1
1793-07-01,83.3,,-1,1
1793-08-01,48.8,,-1,1
1793-09-01,40.0,,-1,1
1793-10-01,78.3,,-1,1
1793-11-01,73.3,,-1,1
1793-12-01,76.2,,-1,1
1794-01-01,75.0,,-1,1
1794-02-01,73.3,,-1,1
1794-03-01,63.3,,-1,1
1794-04-01,47.3,,-1,1
1794-05-01,92.8,,-1,1
1794-06-01,69.2,,-1,1
1794-07-01,68.3,,-1,1
1794-08-01,66.7,,-1,1
1794-09-01,18.5,,-1,1
1794-10-01,47.5,,-1,1
1794-11-01,112.3,,-1,1
1794-12-01,85.7,,-1,1
1795-01-01,35.7,,-1,1
1795-02-01,66.5,,-1,1
1795-03-01,21.0,,-1,1
1795-04-01,31.0,,-1,1
1795-05-01,51.7,,-1,1
1795-06-01,28.5,,-1,1
1795-07-01,21.5,,-1,1
1795-08-01,42.8,,-1,1
1795-09-01,22.5,,-1,1
1795-10-01,32.5,,-1,1
1795-11-01,41.7,,-1,1
1795-12-01,30.0,,-1,1
1796-01-01,36.7,,-1,1
1796-02-01,39.7,,-1,1
1796-03-01,26.2,,-1,1
1796-04-01,52.8,,-1,1
1796-05-01,35.0,,-1,1
1796-06-01,11.2,,-1,1
1796-07-01,44.8,,-1,1
1796-08-01,2.5,,-1,1
1796-09-01,30.7,,-1,1
1796-10-01,18.3,,-1,1
1796-11-01,14.0,,-1,1
1796-12-01,8.5,,-1,1
1797-01-01,24.0,,-1,1
1797-02-01,7.0,,-1,1
1797-03-01,6.7,,-1,1
1797-04-01,6.7,,-1,1
1797-05-01,12.2,,-1,1
1797-06-01,18.5,,-1,1
1797-07-01,7.2,,-1,1
1797-08-01,10.0,,-1,1
1797-09-01,9.5,,-1,1
1797-10-01,11.5,,-1,1
1797-11-01,9.7,,-1,1
1797-12-01,5.0,,-1,1
1798-01-01,3.3,,-1,1
1798-02-01,6.7,,-1,1
1798-03-01,20.7,,-1,1
1798-04-01,1.8,,-1,1
1798-05-01,0.0,,-1,1
1798-06-01,0.0,,-1,1
1798-07-01,0.0,,-1,1
1798-08-01,5.0,,-1,1
1798-09-01,4.0,,-1,1
1798-10-01,2.5,,-1,1
1798-11-01,20.8,,-1,1
1798-12-01,16.5,,-1,1
1799-01-01,2.7,,-1,1
1799-02-01,21.0,,-1,1
1799-03-01,36.2,,-1,1
1799-04-01,14.0,,-1,1
1799-05-01,13.7,,-1,1
1799-06-01,17.7,,-1,1
1799-07-01,3.5,,-1,1
1799-08-01,0.0,,-1,1
1799-09-01,0.0,,-1,1
1799-10-01,7.7,,-1,1
1799-11-01,4.5,,-1,1
1799-12-01,14.3,,-1,1
1800-01-01,11.5,,-1,1
1800-02-01,15.5,,-1,1
1800-03-01,23.2,,-1,1
1800-04-01,0.0,,-1,1
1800-05-01,8.3,,-1,1
1800-06-01,39.5,,-1,1
1800-07-01,35.0,,-1,1
1800-08-01,32.5,,-1,1
1800-09-01,19.2,,-1,1
1800-10-01,20.5,,-1,1
1800-11-01,17.5,,-1,1
1800-12-01,66.8,,-1,1
1801-01-01,45.0,,-1,1
1801-02-01,48.3,,-1,1
1801-03-01,50.0,,-1,1
1801-04-01,51.7,,-1,1
1801-05-01,53.3,,-1,1
1801-06-01,52.0,,-1,1
1801-07-01,58.3,,-1,1
1801-08-01,64.5,,-1,1
1801-09-01,55.8,,-1,1
1801-10-01,54.3,,-1,1
1801-11-01,66.3,,-1,1
1801-12-01,80.3,,-1,1
1802-01-01,79.7,,-1,1
1802-02-01,78.3,,-1,1
1802-03-01,68.0,,-1,1
1802-04-01,70.0,,-1,1
1802-05-01,73.3,,-1,1
1802-06-01,76.7,,-1,1
1802-07-01,80.0,,-1,1
1802-08-01,83.3,,-1,1
1802-09-01,86.3,,-1,1
1802-10-01,64.2,,-1,1
1802-11-01,57.5,,-1,1
1802-12-01,83.3,,-1,1
1803-01-01,83.3,,-1,1
1803-02-01,84.7,,-1,1
1803-03-01,49.2,,-1,1
1803-04-01,41.7,,-1,1
1803-05-01,73.8,,-1,1
1803-06-01,60.0,,-1,1
1803-07-01,80.5,,-1,1
1803-08-01,56.8,,-1,1
1803-09-01,75.5,,-1,1
1803-10-01,90.5,,-1,1
1803-11-01,85.0,,-1,1
1803-12-01,80.0,,-1,1
1804-01-01,75.5,,-1,1
1804-02-01,80.5,,-1,1
1804-03-01,80.0,,-1,1
1804-04-01,84.3,,-1,1
1804-05-01,55.7,,-1,1
1804-06-01,58.0,,-1,1
1804-07-01,49.7,,-1,1
1804-08-01,71.8,,-1,1
1804-09-01,88.3,,-1,1
1804-10-01,103.8,,-1,1
1804-11-01,101.7,,-1,1
1804-12-01,100.0,,-1,1
1805-01-01,101.7,,-1,1
1805-02-01,73.5,,-1,1
1805-03-01,85.7,,-1,1
1805-04-01,62.5,,-1,1
1805-05-01,65.0,,-1,1
1805-06-01,67.5,,-1,1
1805-07-01,62.7,,-1,1
1805-08-01,71.2,,-1,1
1805-09-01,74.0,,-1,1
1805-10-01,49.0,,-1,1
1805-11-01,68.3,,-1,1
1805-12-01,63.8,,-1,1
1806-01-01,65.0,,-1,1
1806-02-01,49.3,,-1,1
1806-03-01,54.5,,-1,1
1806-04-01,46.2,,-1,1
1806-05-01,44.0,,-1,1
1806-06-01,42.7,,-1,1
1806-07-01,50.0,,-1,1
1806-08-01,43.8,,-1,1
1806-09-01,40.0,,-1,1
1806-10-01,45.0,,-1,1
1806-11-01,41.7,,-1,1
1806-12-01,40.0,,-1,1
1807-01-01,20.0,,-1,1
1807-02-01,20.3,,-1,1
1807-03-01,16.0,,-1,1
1807-04-01,39.7,,-1,1
1807-05-01,16.7,,-1,1
1807-06-01,20.0,,-1,1
1807-07-01,21.2,,-1,1
1807-08-01,20.0,,-1,1
1807-09-01,9.5,,-1,1
1807-10-01,13.3,,-1,1
1807-11-01,4.3,,-1,1
1807-12-01,0.0,,-1,1
1808-01-01,0.0,,-1,1
1808-02-01,7.5,,-1,1
1808-03-01,0.0,,-1,1
1808-04-01,20.5,,-1,1
1808-05-01,22.5,,-1,1
1808-06-01,22.5,,-1,1
1808-07-01,11.2,,-1,1
1808-08-01,13.3,,-1,1
1808-09-01,19.5,,-1,1
1808-10-01,7.8,,-1,1
1808-11-01,17.5,,-1,1
1808-12-01,20.5,,-1,1
1809-01-01,12.0,,-1,1
1809-02-01,15.3,,-1,1
1809-03-01,1.5,,-1,1
1809-04-01,4.2,,-1,1
1809-05-01,3.3,,-1,1
1809-06-01,12.8,,-1,1
1809-07-01,0.5,,-1,1
1809-08-01,0.3,,-1,1
1809-09-01,0.7,,-1,1
1809-10-01,0.0,,-1,1
1809-11-01,0.0,,-1,1
1809-12-01,0.0,,-1,1
1810-01-01,0.0,,-1,1
1810-02-01,0.0,,-1,1
1810-03-01,0.0,,-1,1
1810-04-01,0.0,,-1,1
1810-05-01,0.0,,-1,1
1810-06-01,0.0,,-1,1
1810-07-01,0.0,,-1,1
1810-08-01,0.0,,-1,1
1810-09-01,0.0,,-1,1
1810-10-01,0.0,,-1,1
1810-11-01,0.0,,-1,1
1810-12-01,0.0,,-1,1
1811-01-01,0.0,,-1,1
1811-02-01,0.0,,-1,1
1811-03-01,0.0,,-1,1
1811-04-01,0.0,,-1,1
1811-05-01,0.0,,-1,1
1811-06-01,0.0,,-1,1
1811-07-01,11.0,,-1,1
1811-08-01,0.0,,-1,1
1811-09-01,4.0,,-1,1
1811-10-01,10.2,,-1,1
1811-11-01,1.3,,-1,1
1811-12-01,1.8,,-1,1
1812-01-01,18.8,,-1,1
1812-02-01,3.2,,-1,1
1812-03-01,1.2,,-1,1
1812-04-01,0.0,,-1,1
1812-05-01,1.7,,-1,1
1812-06-01,2.2,,-1,1
1812-07-01,0.8,,-1,1
1812-08-01,26.0,,-1,1
1812-09-01,8.7,,-1,1
1812-10-01,6.5,,-1,1
1812-11-01,13.2,,-1,1
1812-12-01,16.8,,-1,1
1813-01-01,0.0,,-1,1
1813-02-01,17.2,,-1,1
1813-03-01,3.2,,-1,1
1813-04-01,27.7,,-1,1
1813-05-01,9.2,,-1,1
1813-06-01,18.7,,-1,1
1813-07-01,30.5,,-1,1
1813-08-01,14.0,,-1,1
1813-09-01,25.5,,-1,1
1813-10-01,46.3,,-1,1
1813-11-01,27.8,,-1,1
1813-12-01,23.8,,-1,1
1814-01-01,37.0,,-1,1
1814-02-01,20.0,,-1,1
1814-03-01,9.5,,-1,1
1814-04-01,39.7,,-1,1
1814-05-01,9.7,,-1,1
1814-06-01,24.8,,-1,1
1814-07-01,30.8,,-1,1
1814-08-01,3.8,,-1,1
1814-09-01,13.5,,-1,1
1814-10-01,32.2,,-1,1
1814-11-01,24.2,,-1,1
1814-12-01,33.5,,-1,1
1815-01-01,32.0,,-1,1
1815-02-01,53.7,,-1,1
1815-03-01,43.7,,-1,1
1815-04-01,52.7,,-1,1
1815-05-01,16.3,,-1,1
1815-06-01,93.2,,-1,1
1815-07-01,59.2,,-1,1
1815-08-01,78.7,,-1,1
1815-09-01,52.5,,-1,1
1815-10-01,55.8,,-1,1
1815-11-01,62.0,,-1,1
1815-12-01,108.3,,-1,1
1816-01-01,43.8,,-1,1
1816-02-01,114.7,,-1,1
1816-03-01,122.8,,-1,1
1816-04-01,98.0,,-1,1
1816-05-01,73.8,,-1,1
1816-06-01,72.7,,-1,1
1816-07-01,64.7,,-1,1
1816-08-01,38.7,,-1,1
1816-09-01,79.7,,-1,1
1816-10-01,94.0,,-1,1
1816-11-01,63.5,,-1,1
1816-12-01,49.8,,-1,1
1817-01-01,60.7,,-1,1
1817-02-01,96.5,,-1,1
1817-03-01,160.3,,-1,1
1817-04-01,44.0,,-1,1
1817-05-01,35.3,,-1,1
1817-06-01,66.7,,-1,1
1817-07-01,83.3,,-1,1
1817-08-01,75.0,,-1,1
1817-09-01,61.2,,-1,1
1817-10-01,42.7,,-1,1
1817-11-01,48.2,,-1,1
1817-12-01,47.3,,-1,1
1818-01-01,58.1,9.7,8,1
1818-02-01,37.4,7.8,14,1
1818-03-01,42.4,8.3,14,1
1818-04-01,57.5,9.6,21,1
1818-05-01,88.5,11.9,25,1
1818-06-01,60.8,9.9,25,1
1818-07-01,46.8,8.7,21,1
1818-08-01,52.6,9.2,20,1
1818-09-01,43.4,8.3,18,1
1818-10-01,52.8,9.2,22,1
1818-11-01,18.3,5.5,12,1
1818-12-01,43.0,8.4,13,1
1819-01-01,54.7,9.4,12,1
1819-02-01,34.6,7.5,10,1
1819-03-01,6.3,3.6,23,1
1819-04-01,33.7,7.4,23,1
1819-05-01,32.6,7.3,31,1
1819-06-01,58.3,9.7,23,1
1819-07-01,52.5,9.2,15,1
1819-08-01,43.5,8.4,24,1
1819-09-01,24.8,6.4,27,1
1819-10-01,45.9,8.6,22,1
1819-11-01,41.8,8.3,19,1
1819-12-01,50.9,9.1,20,1
1820-01-01,32.0,7.3,19,1
1820-02-01,44.4,8.4,14,1
1820-03-01,7.5,3.9,23,1
1820-04-01,32.3,7.3,19,1
1820-05-01,48.9,8.8,20,1
1820-06-01,17.9,5.6,25,1
1820-07-01,34.1,7.4,7,1
1820-08-01,43.1,8.3,17,1
1820-09-01,8.6,4.0,25,1
1820-10-01,14.9,5.2,26,1
1820-11-01,13.2,4.8,13,1
1820-12-01,15.1,5.2,16,1
1821-01-01,36.0,7.6,8,1
1821-02-01,7.0,3.8,24,1
1821-03-01,9.5,4.2,29,1
1821-04-01,15.2,5.2,18,1
1821-05-01,2.8,2.8,31,1
1821-06-01,3.0,2.9,29,1
1821-07-01,4.3,3.2,24,1
1821-08-01,8.0,3.9,26,1
1821-09-01,7.3,3.9,29,1
1821-10-01,31.4,7.2,28,1
1821-11-01,7.3,3.9,27,1
1821-12-01,0.4,2.1,31,1
1822-01-01,0.0,2.0,31,1
1822-02-01,1.5,2.5,28,1
1822-03-01,26.9,6.6,28,1
1822-04-01,21.7,6.0,26,1
1822-05-01,2.4,2.8,30,1
1822-06-01,9.3,4.2,29,1
1822-07-01,13.2,4.9,29,1
1822-08-01,3.4,3.0,31,1
1822-09-01,0.0,2.0,30,1
1822-10-01,0.6,2.2,31,1
1822-11-01,0.0,2.0,30,1
1822-12-01,0.0,2.0,30,1
1823-01-01,0.0,2.0,31,1
1823-02-01,0.0,2.0,28,1
1823-03-01,1.0,2.3,29,1
1823-04-01,0.0,2.0,30,1
1823-05-01,0.0,2.0,25,1
1823-06-01,0.0,2.0,23,1
1823-07-01,0.8,2.2,24,1
1823-08-01,0.0,2.0,27,1
1823-09-01,0.0,2.0,27,1
1823-10-01,0.0,2.0,20,1
1823-11-01,0.0,2.0,20,1
1823-12-01,34.0,7.4,18,1
1824-01-01,36.0,7.6,3,1
1824-02-01,18.0,4.8,0,1
1824-03-01,0.0,2.0,21,1
1824-04-01,32.3,7.2,8,1
1824-05-01,4.6,3.3,19,1
1824-06-01,0.0,2.0,25,1
1824-07-01,0.0,2.0,21,1
1824-08-01,2.3,2.7,15,1
1824-09-01,34.3,7.5,19,1
1824-10-01,42.0,8.2,25,1
1824-11-01,0.0,2.0,18,1
1824-12-01,1.4,2.4,20,1
1825-01-01,8.4,4.1,29,1
1825-02-01,25.9,6.6,24,1
1825-03-01,37.4,7.8,27,1
1825-04-01,6.2,3.6,25,1
1825-05-01,25.8,6.4,25,1
1825-06-01,25.6,6.5,28,1
1825-07-01,51.5,9.1,30,1
1825-08-01,42.8,8.3,30,1
1825-09-01,26.2,6.6,26,1
1825-10-01,26.0,6.6,25,1
1825-11-01,19.6,5.7,18,1
1825-12-01,36.7,7.7,23,1
1826-01-01,29.4,6.9,21,1
1826-02-01,30.2,7.0,25,1
1826-03-01,61.3,9.9,28,1
1826-04-01,40.0,8.1,27,1
1826-05-01,53.9,9.3,30,1
1826-06-01,61.7,10.0,29,1
1826-07-01,87.5,11.9,30,1
1826-08-01,66.0,10.4,31,1
1826-09-01,31.6,7.2,30,1
1826-10-01,84.4,11.6,28,1
1826-11-01,65.8,10.3,22,1
1826-12-01,113.6,13.5,19,1
1827-01-01,57.7,9.7,23,1
1827-02-01,79.0,11.3,25,1
1827-03-01,96.3,12.4,28,1
1827-04-01,76.7,11.1,27,1
1827-05-01,93.8,12.3,30,1
1827-06-01,94.4,12.3,26,1
1827-07-01,70.4,10.6,31,1
1827-08-01,89.4,12.0,29,1
1827-09-01,82.6,11.5,30,1
1827-10-01,93.5,12.2,27,1
1827-11-01,80.4,11.4,20,1
1827-12-01,76.8,11.1,25,1
1828-01-01,88.0,11.9,18,1
1828-02-01,107.3,13.1,22,1
1828-03-01,108.5,13.2,24,1
1828-04-01,101.9,12.8,29,1
1828-05-01,148.6,15.5,27,1
1828-06-01,163.4,16.2,26,1
1828-07-01,90.4,12.0,31,1
1828-08-01,127.3,14.3,31,1
1828-09-01,83.9,11.6,30,1
1828-10-01,91.1,12.1,26,1
1828-11-01,95.0,12.3,22,1
1828-12-01,78.1,11.2,15,1
1829-01-01,71.6,10.7,14,1
1829-02-01,82.3,11.5,20,1
1829-03-01,120.6,13.9,26,1
1829-04-01,158.4,15.9,29,1
1829-05-01,112.3,13.4,29,1
1829-06-01,123.2,14.1,28,1
1829-07-01,151.5,15.6,28,1
1829-08-01,129.3,14.4,27,1
1829-09-01,88.0,11.9,26,1
1829-10-01,95.3,12.4,23,1
1829-11-01,112.7,13.4,19,1
1829-12-01,94.1,12.3,22,1
1830-01-01,87.0,11.8,17,1
1830-02-01,120.1,13.9,18,1
1830-03-01,141.0,15.1,20,1
1830-04-01,177.3,16.9,26,1
1830-05-01,110.5,13.3,28,1
1830-06-01,108.4,13.2,27,1
1830-07-01,73.2,10.8,26,1
1830-08-01,84.6,11.7,25,1
1830-09-01,103.4,12.9,24,1
1830-10-01,140.6,15.0,25,1
1830-11-01,135.4,14.7,19,1
1830-12-01,136.8,14.8,13,1
1831-01-01,79.0,11.3,22,1
1831-02-01,83.6,11.6,21,1
1831-03-01,155.8,15.8,25,1
1831-04-01,90.9,12.1,27,1
1831-05-01,63.4,10.1,31,1
1831-06-01,55.6,9.4,27,1
1831-07-01,75.4,11.0,29,1
1831-08-01,91.6,12.1,28,1
1831-09-01,63.2,10.1,22,1
1831-10-01,77.1,11.1,23,1
1831-11-01,72.5,10.8,15,1
1831-12-01,48.3,8.8,15,1
1832-01-01,51.5,9.1,11,1
1832-02-01,92.6,12.2,23,1
1832-03-01,91.9,12.1,21,1
1832-04-01,44.8,8.5,27,1
1832-05-01,68.9,10.5,28,1
1832-06-01,44.5,8.4,22,1
1832-07-01,23.3,6.2,25,1
1832-08-01,14.8,5.1,31,1
1832-09-01,13.7,4.9,29,1
1832-10-01,35.2,7.5,25,1
1832-11-01,23.8,6.2,18,1
1832-12-01,45.8,8.6,17,1
1833-01-01,18.7,5.7,22,1
1833-02-01,24.9,6.5,21,1
1833-03-01,19.6,5.8,19,1
1833-04-01,4.6,3.3,27,1
1833-05-01,21.5,6.0,28,1
1833-06-01,1.7,2.5,30,1
1833-07-01,11.6,4.6,27,1
1833-08-01,9.5,4.2,30,1
1833-09-01,19.3,5.8,16,1
1833-10-01,12.5,4.7,29,1
1833-11-01,9.8,4.2,24,1
1833-12-01,16.6,5.3,19,1
1834-01-01,8.2,4.0,11,1
1834-02-01,30.1,7.0,20,1
1834-03-01,6.5,3.7,24,1
1834-04-01,2.4,2.7,25,1
1834-05-01,14.8,5.0,30,1
1834-06-01,13.1,4.8,28,1
1834-07-01,14.4,5.0,22,1
1834-08-01,6.6,3.7,29,1
1834-09-01,19.2,5.6,21,1
1834-10-01,41.3,8.2,20,1
1834-11-01,50.9,9.1,15,1
1834-12-01,57.5,9.6,15,1
1835-01-01,12.4,4.7,22,1
1835-02-01,40.7,8.1,15,1
1835-03-01,32.7,7.3,18,1
1835-04-01,102.4,12.8,14,1
1835-05-01,72.6,10.8,22,1
1835-06-01,55.2,9.4,17,1
1835-07-01,99.6,12.7,13,1
1835-08-01,98.5,12.6,2,1
1835-09-01,168.0,16.4,11,1
1835-10-01,158.6,16.0,16,1
1835-11-01,166.7,16.4,15,1
1835-12-01,129.3,14.4,8,1
1836-01-01,147.6,15.4,17,1
1836-02-01,179.4,17.0,14,1
1836-03-01,163.7,16.2,12,1
1836-04-01,238.0,19.6,16,1
1836-05-01,185.7,17.3,23,1
1836-06-01,207.9,18.3,15,1
1836-07-01,194.6,17.7,15,1
1836-08-01,179.6,17.0,16,1
1836-09-01,158.5,16.0,12,1
1836-10-01,228.9,19.2,11,1
1836-11-01,201.5,18.0,11,1
1836-12-01,343.8,23.5,4,1
1837-01-01,313.4,22.4,10,1
1837-02-01,292.6,21.7,13,1
1837-03-01,224.3,19.0,12,1
1837-04-01,230.3,19.2,10,1
1837-05-01,186.1,17.3,15,1
1837-06-01,263.4,20.6,18,1
1837-07-01,271.2,20.9,9,1
1837-08-01,223.5,18.9,11,1
1837-09-01,160.4,16.1,19,1
1837-10-01,206.2,18.2,18,1
1837-11-01,178.4,16.9,7,1
1837-12-01,216.1,18.6,8,1
1838-01-01,241.5,19.7,11,1
1838-02-01,141.3,15.1,18,1
1838-03-01,234.5,19.4,12,1
1838-04-01,211.1,18.4,16,1
1838-05-01,229.4,19.2,20,1
1838-06-01,157.6,15.9,19,1
1838-07-01,180.4,17.0,21,1
1838-08-01,131.3,14.5,15,1
1838-09-01,122.7,14.0,23,1
1838-10-01,151.5,15.6,16,1
1838-11-01,129.2,14.4,16,1
1838-12-01,132.9,14.6,14,1
1839-01-01,175.9,16.8,15,1
1839-02-01,170.8,16.6,12,1
1839-03-01,129.5,14.4,15,1
1839-04-01,102.9,12.9,14,1
1839-05-01,89.6,12.0,22,1
1839-06-01,91.2,12.1,20,1
1839-07-01,141.3,15.1,25,1
1839-08-01,218.8,18.7,17,1
1839-09-01,221.1,18.8,18,1
1839-10-01,151.5,15.6,16,1
1839-11-01,114.7,13.6,11,1
1839-12-01,106.2,13.1,9,1
1840-01-01,135.4,14.7,18,1
1840-02-01,146.1,15.3,14,1
1840-03-01,112.9,13.5,18,1
1840-04-01,109.8,13.3,21,1
1840-05-01,115.4,13.6,22,1
1840-06-01,80.9,11.4,27,1
1840-07-01,101.0,12.7,23,1
1840-08-01,96.4,12.4,24,1
1840-09-01,123.3,14.1,20,1
1840-10-01,91.7,12.1,19,1
1840-11-01,90.4,12.0,20,1
1840-12-01,89.5,12.0,22,1
1841-01-01,40.1,8.1,15,1
1841-02-01,49.9,8.9,20,1
1841-03-01,49.6,8.9,22,1
1841-04-01,66.9,10.4,28,1
1841-05-01,112.4,13.5,27,1
1841-06-01,92.8,12.2,24,1
1841-07-01,51.4,9.1,27,1
1841-08-01,65.4,10.3,28,1
1841-09-01,60.9,9.9,28,1
1841-10-01,47.4,8.7,19,1
1841-11-01,32.9,7.3,20,1
1841-12-01,64.8,10.2,19,1
1842-01-01,34.0,7.5,20,1
1842-02-01,36.8,7.8,22,1
1842-03-01,36.2,7.7,25,1
1842-04-01,44.9,8.5,30,1
1842-05-01,41.4,8.2,31,1
1842-06-01,34.2,7.4,30,1
1842-07-01,21.0,6.0,31,1
1842-08-01,44.4,8.5,31,1
1842-09-01,30.6,7.1,28,1
1842-10-01,63.5,10.1,23,1
1842-11-01,67.5,10.4,25,1
1842-12-01,29.3,6.9,15,1
1843-01-01,22.2,6.1,22,1
1843-02-01,5.9,3.5,14,1
1843-03-01,13.9,5.0,29,1
1843-04-01,15.8,5.2,29,1
1843-05-01,35.1,7.6,30,1
1843-06-01,17.6,5.4,30,1
1843-07-01,15.9,5.2,31,1
1843-08-01,19.6,5.8,31,1
1843-09-01,6.9,3.7,30,1
1843-10-01,8.9,4.1,31,1
1843-11-01,31.7,7.2,27,1
1843-12-01,21.2,6.0,16,1
1844-01-01,15.7,5.2,24,1
1844-02-01,24.5,6.4,22,1
1844-03-01,22.5,6.1,21,1
1844-04-01,34.6,7.5,28,1
1844-05-01,19.2,5.7,25,1
1844-06-01,6.2,3.6,29,1
1844-07-01,35.2,7.6,29,1
1844-08-01,39.7,8.1,28,1
1844-09-01,11.6,4.7,27,1
1844-10-01,35.9,7.7,25,1
1844-11-01,17.9,5.6,16,1
1844-12-01,36.0,7.6,20,1
1845-01-01,42.8,8.3,17,1
1845-02-01,72.8,10.8,17,1
1845-03-01,72.1,10.8,22,1
1845-04-01,95.0,12.3,25,1
1845-05-01,79.7,11.3,27,1
1845-06-01,51.8,9.2,25,1
1845-07-01,51.0,9.1,24,1
1845-08-01,53.9,9.3,27,1
1845-09-01,49.3,9.0,26,1
1845-10-01,67.8,10.4,19,1
1845-11-01,65.7,10.3,23,1
1845-12-01,99.5,12.6,13,1
1846-01-01,64.6,10.2,19,1
1846-02-01,84.9,11.7,21,1
1846-03-01,106.5,13.1,22,1
1846-04-01,115.5,13.6,19,1
1846-05-01,99.9,12.7,21,1
1846-06-01,108.4,13.2,28,1
1846-07-01,77.5,11.1,26,1
1846-08-01,91.3,12.1,26,1
1846-09-01,178.6,16.9,23,1
1846-10-01,93.4,12.2,16,1
1846-11-01,100.6,12.7,16,1
1846-12-01,109.1,13.2,10,1
1847-01-01,104.4,12.9,11,1
1847-02-01,74.9,10.9,10,1
1847-03-01,143.0,15.1,19,1
1847-04-01,74.6,10.9,20,1
1847-05-01,125.7,14.2,26,1
1847-06-01,142.2,15.1,25,1
1847-07-01,87.1,11.8,25,1
1847-08-01,234.3,19.4,28,1
1847-09-01,268.2,20.7,15,1
1847-10-01,300.6,22.0,19,1
1847-11-01,231.5,19.3,20,1
1847-12-01,182.6,17.1,14,1
1848-01-01,265.2,20.6,14,1
1848-02-01,186.4,17.3,13,1
1848-03-01,181.2,17.1,17,1
1848-04-01,178.6,16.9,18,1
1848-05-01,170.5,16.5,27,1
1848-06-01,214.9,18.6,24,1
1848-07-01,232.0,19.3,27,1
1848-08-01,220.9,18.8,21,1
1848-09-01,167.3,16.4,20,1
1848-10-01,220.6,18.8,13,1
1848-11-01,191.0,17.5,16,1
1848-12-01,265.8,20.7,24,1
1849-01-01,298.3,21.4,31,1
1849-02-01,250.3,19.5,28,1
1849-03-01,182.7,16.6,31,1
1849-04-01,194.7,17.1,30,1
1849-05-01,153.2,15.1,31,1
1849-06-01,154.2,15.2,30,1
1849-07-01,148.2,14.9,31,1
1849-08-01,128.6,13.8,31,1
1849-09-01,178.0,16.3,30,1
1849-10-01,135.7,14.2,31,1
1849-11-01,188.2,16.8,30,1
1849-12-01,184.3,16.6,31,1
1850-01-01,148.2,14.9,31,1
1850-02-01,169.8,15.9,28,1
1850-03-01,156.8,15.3,31,1
1850-04-01,83.8,11.1,30,1
1850-05-01,117.0,13.1,31,1
1850-06-01,133.0,14.1,30,1
1850-07-01,74.3,10.5,31,1
1850-08-01,117.0,13.1,31,1
1850-09-01,163.7,15.6,30,1
1850-10-01,134.9,14.1,31,1
1850-11-01,104.1,12.4,30,1
1850-12-01,115.9,13.1,31,1
1851-01-01,143.5,14.7,31,1
1851-02-01,200.1,17.3,28,1
1851-03-01,122.8,13.5,31,1
1851-04-01,107.3,12.6,30,1
1851-05-01,118.9,13.3,31,1
1851-06-01,120.0,13.3,30,1
1851-07-01,68.6,10.0,31,1
1851-08-01,109.0,12.7,31,1
1851-09-01,128.9,13.8,30,1
1851-10-01,118.7,13.3,31,1
1851-11-01,96.8,11.9,30,1
1851-12-01,135.5,14.2,31,1
1852-01-01,129.9,13.9,31,1
1852-02-01,126.2,13.7,29,1
1852-03-01,116.2,13.1,31,1
1852-04-01,124.3,13.6,30,1
1852-05-01,104.3,12.4,31,1
1852-06-01,89.0,11.4,30,1
1852-07-01,80.0,10.8,31,1
1852-08-01,75.3,10.5,31,1
1852-09-01,71.2,10.2,30,1
1852-10-01,127.9,13.8,31,1
1852-11-01,103.1,12.3,30,1
1852-12-01,86.1,11.3,31,1
1853-01-01,77.9,10.7,31,1
1853-02-01,81.5,10.9,28,1
1853-03-01,71.6,10.2,31,1
1853-04-01,90.4,11.5,30,1
1853-05-01,65.9,9.8,31,1
1853-06-01,76.0,10.6,30,1
1853-07-01,87.2,11.3,31,1
1853-08-01,95.8,11.9,31,1
1853-09-01,63.7,9.7,30,1
1853-10-01,80.5,10.9,31,1
1853-11-01,54.7,8.9,30,1
1853-12-01,44.5,8.0,31,1
1854-01-01,29.3,6.5,31,1
1854-02-01,38.0,7.4,28,1
1854-03-01,39.4,7.6,31,1
1854-04-01,50.3,8.6,30,1
1854-05-01,45.6,8.2,31,1
1854-06-01,40.1,7.6,30,1
1854-07-01,35.5,7.2,31,1
1854-08-01,30.1,6.6,31,1
1854-09-01,42.6,7.9,30,1
1854-10-01,24.1,5.9,31,1
1854-11-01,53.5,8.8,30,1
1854-12-01,41.1,7.7,31,1
1855-01-01,23.4,5.8,31,1
1855-02-01,21.6,5.6,28,1
1855-03-01,33.0,6.9,31,1
1855-04-01,8.4,3.5,30,1
1855-05-01,17.3,5.0,31,1
1855-06-01,10.0,3.8,30,1
1855-07-01,0.7,1.0,31,1
1855-08-01,5.9,2.9,31,1
1855-09-01,0.0,0.0,30,1
1855-10-01,18.3,5.1,31,1
1855-11-01,7.9,3.4,30,1
1855-12-01,5.8,2.9,31,1
1856-01-01,1.0,1.2,31,1
1856-02-01,9.3,3.7,29,1
1856-03-01,0.7,1.0,31,1
1856-04-01,12.4,4.2,30,1
1856-05-01,0.0,0.0,31,1
1856-06-01,9.8,3.8,30,1
1856-07-01,8.8,3.6,31,1
1856-08-01,11.3,4.0,31,1
1856-09-01,8.4,3.5,30,1
1856-10-01,8.5,3.5,31,1
1856-11-01,14.7,4.6,30,1
1856-12-01,13.7,4.4,31,1
1857-01-01,26.0,6.1,31,1
1857-02-01,14.2,4.5,28,1
1857-03-01,10.0,3.8,31,1
1857-04-01,21.1,5.5,30,1
1857-05-01,54.2,8.9,31,1
1857-06-01,30.5,6.6,30,1
1857-07-01,42.2,7.8,31,1
1857-08-01,32.0,6.8,31,1
1857-09-01,80.6,10.9,30,1
1857-10-01,77.1,10.6,31,1
1857-11-01,59.6,9.3,30,1
1857-12-01,70.7,10.2,31,1
1858-01-01,74.2,10.4,31,1
1858-02-01,66.3,9.9,28,1
1858-03-01,109.2,12.7,31,1
1858-04-01,72.8,10.3,30,1
1858-05-01,78.6,10.7,31,1
1858-06-01,84.5,11.1,30,1
1858-07-01,107.7,12.6,31,1
1858-08-01,104.9,12.5,31,1
1858-09-01,152.2,15.1,30,1
1858-10-01,173.2,16.1,31,1
1858-11-01,98.6,12.1,30,1
1858-12-01,127.0,13.7,31,1
1859-01-01,159.0,15.4,31,1
1859-02-01,166.4,15.8,28,1
1859-03-01,171.5,16.0,31,1
1859-04-01,162.9,15.6,30,1
1859-05-01,172.8,16.1,31,1
1859-06-01,165.2,15.7,30,1
1859-07-01,180.7,16.5,31,1
1859-08-01,203.0,17.5,31,1
1859-09-01,200.9,17.4,30,1
1859-10-01,217.8,18.1,31,1
1859-11-01,184.6,16.6,30,1
1859-12-01,153.9,15.1,31,1
1860-01-01,156.6,15.3,31,1
1860-02-01,167.9,15.9,29,1
1860-03-01,188.0,16.8,31,1
1860-04-01,135.7,14.2,30,1
1860-05-01,203.5,17.5,31,1
1860-06-01,206.3,17.7,30,1
1860-07-01,221.9,18.3,31,1
1860-08-01,190.5,16.9,31,1
1860-09-01,175.2,16.2,30,1
1860-10-01,171.1,16.0,31,1
1860-11-01,186.0,16.7,30,1
1860-12-01,181.7,16.5,31,1
1861-01-01,118.5,13.2,31,1
1861-02-01,147.5,14.8,28,1
1861-03-01,192.0,17.0,31,1
1861-04-01,187.1,16.8,30,1
1861-05-01,107.8,12.6,31,1
1861-06-01,167.5,15.8,30,1
1861-07-01,148.2,14.8,31,1
1861-08-01,156.7,15.3,31,1
1861-09-01,151.9,15.0,30,1
1861-10-01,127.7,13.8,31,1
1861-11-01,102.0,12.3,30,1
1861-12-01,152.8,15.1,31,1
1862-01-01,119.9,13.3,31,1
1862-02-01,122.4,13.5,28,1
1862-03-01,82.7,11.0,31,1
1862-04-01,102.1,12.2,30,1
1862-05-01,122.4,13.4,31,1
1862-06-01,159.7,15.4,30,1
1862-07-01,139.5,14.4,31,1
1862-08-01,118.7,13.2,31,1
1862-09-01,126.4,13.7,30,1
1862-10-01,79.8,10.8,31,1
1862-11-01,96.0,11.9,30,1
1862-12-01,77.6,10.7,31,1
1863-01-01,91.8,11.6,31,1
1863-02-01,107.7,12.6,28,1
1863-03-01,126.0,13.6,31,1
1863-04-01,77.1,10.6,30,1
1863-05-01,102.1,12.2,31,1
1863-06-01,77.6,10.7,30,1
1863-07-01,62.0,9.5,31,1
1863-08-01,91.3,11.6,31,1
1863-09-01,41.7,7.8,30,1
1863-10-01,75.7,10.5,31,1
1863-11-01,71.6,10.2,30,1
1863-12-01,78.1,10.7,31,1
1864-01-01,109.7,12.7,31,1
1864-02-01,89.5,11.5,29,1
1864-03-01,125.9,13.6,31,1
1864-04-01,68.1,10.0,30,1
1864-05-01,77.1,10.6,31,1
1864-06-01,109.9,12.8,30,1
1864-07-01,103.8,12.4,31,1
1864-08-01,104.1,12.5,31,1
1864-09-01,54.2,8.9,30,1
1864-10-01,64.4,9.7,31,1
1864-11-01,109.3,12.7,30,1
1864-12-01,54.3,8.9,31,1
1865-01-01,92.5,11.7,31,1
1865-02-01,74.6,10.5,28,1
1865-03-01,75.0,10.5,31,1
1865-04-01,55.9,9.0,30,1
1865-05-01,65.6,9.8,31,1
1865-06-01,63.8,9.7,30,1
1865-07-01,50.8,8.6,31,1
1865-08-01,71.8,10.3,31,1
1865-09-01,41.0,7.7,30,1
1865-10-01,32.5,6.9,31,1
1865-11-01,46.7,8.2,30,1
1865-12-01,24.3,5.9,31,1
1866-01-01,60.0,9.4,31,1
1866-02-01,72.9,10.4,28,1
1866-03-01,46.6,8.2,31,1
1866-04-01,33.5,7.0,30,1
1866-05-01,24.6,6.0,31,1
1866-06-01,31.4,6.7,30,1
1866-07-01,17.6,5.0,31,1
1866-08-01,24.2,5.9,31,1
1866-09-01,13.9,4.5,30,1
1866-10-01,26.8,6.2,31,1
1866-11-01,17.2,5.0,30,1
1866-12-01,2.9,2.0,31,1
1867-01-01,0.0,0.0,31,1
1867-02-01,1.4,1.4,28,1
1867-03-01,17.4,5.0,31,1
1867-04-01,9.7,3.7,30,1
1867-05-01,5.5,2.8,31,1
1867-06-01,2.8,2.0,30,1
1867-07-01,9.5,3.7,31,1
1867-08-01,9.1,3.6,31,1
1867-09-01,18.7,5.2,30,1
1867-10-01,25.5,6.1,31,1
1867-11-01,18.1,5.1,30,1
1867-12-01,47.9,8.4,31,1
1868-01-01,25.9,5.9,31,1
1868-02-01,26.3,5.8,29,1
1868-03-01,44.0,7.5,31,1
1868-04-01,61.1,8.8,30,1
1868-05-01,44.5,7.5,31,1
1868-06-01,51.8,8.1,30,1
1868-07-01,48.3,7.9,31,1
1868-08-01,57.3,8.5,31,1
1868-09-01,78.7,10.0,30,1
1868-10-01,102.8,11.4,31,1
1868-11-01,98.7,11.2,30,1
1868-12-01,112.8,11.9,31,1
1869-01-01,101.6,11.3,31,1
1869-02-01,99.9,11.2,28,1
1869-03-01,88.0,10.5,31,1
1869-04-01,68.4,9.3,30,1
1869-05-01,173.4,14.8,31,1
1869-06-01,180.7,15.1,30,1
1869-07-01,98.8,11.2,31,1
1869-08-01,132.7,12.9,31,1
1869-09-01,134.5,13.0,30,1
1869-10-01,99.0,11.2,31,1
1869-11-01,130.2,12.8,30,1
1869-12-01,174.1,14.8,31,1
1870-01-01,129.0,12.7,31,1
1870-02-01,191.7,15.5,28,1
1870-03-01,262.7,18.2,31,1
1870-04-01,266.9,18.3,30,1
1870-05-01,293.6,19.2,31,1
1870-06-01,226.3,16.9,30,1
1870-07-01,220.9,16.7,31,1
1870-08-01,256.5,18.0,31,1
1870-09-01,226.8,16.9,30,1
1870-10-01,244.3,17.5,31,1
1870-11-01,246.0,17.6,30,1
1870-12-01,216.7,16.5,31,1
1871-01-01,147.2,13.6,31,1
1871-02-01,209.0,16.2,28,1
1871-03-01,238.7,17.4,31,1
1871-04-01,270.9,18.5,30,1
1871-05-01,242.6,17.5,31,1
1871-06-01,152.9,13.9,30,1
1871-07-01,171.8,14.7,31,1
1871-08-01,183.7,15.2,31,1
1871-09-01,133.9,13.0,30,1
1871-10-01,148.5,13.7,31,1
1871-11-01,175.7,14.9,30,1
1871-12-01,150.8,13.8,31,1
1872-01-01,132.7,12.9,31,1
1872-02-01,200.3,15.9,29,1
1872-03-01,147.5,13.6,31,1
1872-04-01,170.4,14.7,30,1
1872-05-01,179.5,15.0,31,1
1872-06-01,183.3,15.2,30,1
1872-07-01,176.0,14.9,31,1
1872-08-01,155.0,14.0,31,1
1872-09-01,191.1,15.5,30,1
1872-10-01,171.2,14.7,31,1
1872-11-01,186.8,15.3,30,1
1872-12-01,139.9,13.3,31,1
1873-01-01,144.6,13.5,31,1
1873-02-01,178.4,15.0,28,1
1873-03-01,164.0,14.4,31,1
1873-04-01,127.1,12.7,30,1
1873-05-01,80.0,10.1,31,1
1873-06-01,74.8,9.8,30,1
1873-07-01,111.7,11.9,31,1
1873-08-01,113.8,12.0,31,1
1873-09-01,78.7,10.0,30,1
1873-10-01,78.6,10.0,31,1
1873-11-01,92.5,10.8,30,1
1873-12-01,82.0,10.2,31,1
1874-01-01,101.4,11.3,31,1
1874-02-01,107.1,11.6,28,1
1874-03-01,77.5,9.9,31,1
1874-04-01,53.5,8.2,30,1
1874-05-01,74.6,9.7,31,1
1874-06-01,63.8,9.0,30,1
1874-07-01,113.2,11.9,31,1
1874-08-01,102.3,11.3,31,1
1874-09-01,46.8,7.7,30,1
1874-10-01,57.4,8.5,31,1
1874-11-01,48.2,7.8,30,1
1874-12-01,48.8,7.9,31,1
1875-01-01,24.4,5.7,31,1
1875-02-01,35.9,6.8,28,1
1875-03-01,56.4,8.4,31,1
1875-04-01,48.6,7.8,30,1
1875-05-01,19.2,5.1,31,1
1875-06-01,39.9,7.1,30,1
1875-07-01,20.9,5.3,31,1
1875-08-01,24.4,5.7,31,1
1875-09-01,4.0,2.9,30,1
1875-10-01,21.3,5.3,31,1
1875-11-01,29.6,6.3,30,1
1875-12-01,16.5,4.8,31,1
1876-01-01,23.9,5.7,31,1
1876-02-01,25.1,5.7,29,1
1876-03-01,51.1,8.1,31,1
1876-04-01,3.9,2.9,30,1
1876-05-01,8.5,3.7,31,1
1876-06-01,2.7,2.6,30,1
1876-07-01,25.5,5.8,31,1
1876-08-01,14.8,4.5,31,1
1876-09-01,16.6,4.8,30,1
1876-10-01,23.9,5.6,31,1
1876-11-01,16.6,4.8,30,1
1876-12-01,13.6,4.4,31,1
1877-01-01,40.6,7.2,31,1
1877-02-01,14.5,4.4,28,1
1877-03-01,19.9,5.2,31,1
1877-04-01,26.3,5.9,30,1
1877-05-01,36.1,6.8,31,1
1877-06-01,23.6,5.5,30,1
1877-07-01,10.0,3.8,31,1
1877-08-01,10.5,3.9,31,1
1877-09-01,28.1,6.0,30,1
1877-10-01,11.2,4.1,31,1
1877-11-01,23.6,5.6,30,1
1877-12-01,3.5,2.7,31,1
1878-01-01,5.5,3.1,31,1
1878-02-01,11.0,4.1,28,1
1878-03-01,13.1,4.3,31,1
1878-04-01,0.2,2.0,30,1
1878-05-01,9.9,3.9,31,1
1878-06-01,10.7,4.0,30,1
1878-07-01,0.2,2.0,31,1
1878-08-01,0.0,2.0,31,1
1878-09-01,8.8,3.7,30,1
1878-10-01,1.9,2.4,31,1
1878-11-01,6.8,3.3,30,1
1878-12-01,0.9,2.2,31,1
1879-01-01,1.6,2.3,31,1
1879-02-01,0.9,2.2,28,1
1879-03-01,0.0,2.0,31,1
1879-04-01,10.4,3.9,30,1
1879-05-01,4.0,2.8,31,1
1879-06-01,8.0,3.6,30,1
1879-07-01,12.6,4.2,31,1
1879-08-01,17.9,5.0,31,1
1879-09-01,10.1,3.8,30,1
1879-10-01,20.4,5.2,31,1
1879-11-01,21.9,5.4,30,1
1879-12-01,12.2,4.1,31,1
1880-01-01,40.1,7.2,31,1
1880-02-01,45.4,7.6,29,1
1880-03-01,32.1,6.4,31,1
1880-04-01,32.4,6.4,30,1
1880-05-01,39.1,7.1,31,1
1880-06-01,56.9,8.5,30,1
1880-07-01,36.5,6.8,31,1
1880-08-01,80.3,10.1,31,1
1880-09-01,110.1,11.8,30,1
1880-10-01,71.7,9.5,31,1
1880-11-01,51.1,8.1,30,1
1880-12-01,49.4,7.9,31,1
1881-01-01,60.6,8.7,31,1
1881-02-01,88.6,10.6,28,1
1881-03-01,85.8,10.4,31,1
1881-04-01,86.1,10.4,30,1
1881-05-01,72.5,9.6,31,1
1881-06-01,100.8,11.3,30,1
1881-07-01,128.2,12.7,31,1
1881-08-01,97.3,11.1,31,1
1881-09-01,88.6,10.6,30,1
1881-10-01,107.3,11.6,31,1
1881-11-01,91.5,10.7,30,1
1881-12-01,78.8,10.0,31,1
1882-01-01,75.0,9.7,31,1
1882-02-01,115.9,12.1,28,1
1882-03-01,111.5,11.8,31,1
1882-04-01,159.6,14.2,30,1
1882-05-01,106.9,11.6,31,1
1882-06-01,75.4,9.8,30,1
1882-07-01,75.7,9.8,31,1
1882-08-01,67.5,9.2,31,1
1882-09-01,96.1,11.0,30,1
1882-10-01,98.6,11.2,31,1
1882-11-01,140.6,13.3,30,1
1882-12-01,69.7,9.4,31,1
1883-01-01,101.0,11.3,31,1
1883-02-01,78.2,10.0,28,1
1883-03-01,71.3,9.5,31,1
1883-04-01,136.8,13.1,30,1
1883-05-01,52.5,8.1,31,1
1883-06-01,127.2,12.7,30,1
1883-07-01,134.4,13.0,31,1
1883-08-01,76.6,9.8,31,1
1883-09-01,87.8,10.5,30,1
1883-10-01,139.6,13.3,31,1
1883-11-01,140.8,13.3,30,1
1883-12-01,126.5,12.6,31,1
1884-01-01,152.6,13.9,31,1
1884-02-01,144.8,13.5,29,1
1884-03-01,145.8,13.6,31,1
1884-04-01,126.9,12.7,30,1
1884-05-01,110.9,11.8,31,1
1884-06-01,85.3,10.4,30,1
1884-07-01,88.5,10.6,31,1
1884-08-01,93.1,10.8,31,1
1884-09-01,103.1,11.4,30,1
1884-10-01,79.6,10.0,31,1
1884-11-01,60.9,8.8,30,1
1884-12-01,78.6,10.0,31,1
1885-01-01,71.4,9.5,31,1
1885-02-01,119.7,12.3,28,1
1885-03-01,82.9,10.2,31,1
1885-04-01,91.7,10.8,30,1
1885-05-01,121.6,12.4,31,1
1885-06-01,139.5,13.3,30,1
1885-07-01,110.9,11.8,31,1
1885-08-01,83.5,10.3,31,1
1885-09-01,66.0,9.1,30,1
1885-10-01,64.5,9.1,31,1
1885-11-01,51.6,8.1,30,1
1885-12-01,36.3,6.8,31,1
1886-01-01,49.8,8.0,31,1
1886-02-01,43.2,7.4,28,1
1886-03-01,95.5,11.0,31,1
1886-04-01,72.9,9.6,30,1
1886-05-01,51.2,8.0,31,1
1886-06-01,45.3,7.6,30,1
1886-07-01,50.4,8.0,31,1
1886-08-01,28.1,6.0,31,1
1886-09-01,35.7,6.8,30,1
1886-10-01,14.4,4.3,31,1
1886-11-01,0.6,2.1,30,1
1886-12-01,21.7,5.3,31,1
1887-01-01,17.0,4.8,31,1
1887-02-01,22.0,5.4,28,1
1887-03-01,7.1,3.3,31,1
1887-04-01,11.6,4.0,30,1
1887-05-01,33.4,6.5,31,1
1887-06-01,26.1,5.7,30,1
1887-07-01,38.9,7.0,31,1
1887-08-01,35.7,6.8,31,1
1887-09-01,12.4,4.2,30,1
1887-10-01,11.0,3.9,31,1
1887-11-01,11.5,4.0,30,1
1887-12-01,34.5,6.6,31,1
1888-01-01,21.2,5.3,31,1
1888-02-01,11.8,4.1,29,1
1888-03-01,13.1,4.3,31,1
1888-04-01,8.5,3.5,30,1
1888-05-01,11.7,4.1,31,1
1888-06-01,11.8,4.0,30,1
1888-07-01,5.0,2.9,31,1
1888-08-01,4.6,2.9,31,1
1888-09-01,14.6,4.4,30,1
1888-10-01,3.4,2.7,31,1
1888-11-01,17.9,4.8,30,1
1888-12-01,11.1,3.9,31,1
1889-01-01,1.3,2.3,31,1
1889-02-01,14.2,4.5,28,1
1889-03-01,11.1,4.0,31,1
1889-04-01,7.3,3.4,30,1
1889-05-01,4.0,2.8,31,1
1889-06-01,10.8,4.0,30,1
1889-07-01,15.8,4.6,31,1
1889-08-01,34.3,6.7,31,1
1889-09-01,10.9,3.9,30,1
1889-10-01,3.4,2.6,31,1
1889-11-01,0.3,2.0,30,1
1889-12-01,11.2,4.1,31,1
1890-01-01,8.8,3.6,31,1
1890-02-01,1.1,2.2,28,1
1890-03-01,8.5,3.6,31,1
1890-04-01,2.7,2.5,30,1
1890-05-01,7.9,3.5,31,1
1890-06-01,2.2,2.4,30,1
1890-07-01,19.3,5.1,31,1
1890-08-01,14.2,4.4,31,1
1890-09-01,28.6,6.0,30,1
1890-10-01,18.6,5.0,31,1
1890-11-01,15.9,4.7,30,1
1890-12-01,13.1,4.2,31,1
1891-01-01,22.5,5.5,31,1
1891-02-01,36.9,6.9,28,1
1891-03-01,17.2,4.7,31,1
1891-04-01,34.2,6.6,30,1
1891-05-01,68.5,9.3,31,1
1891-06-01,80.4,10.1,30,1
1891-07-01,98.0,11.1,31,1
1891-08-01,55.1,8.3,31,1
1891-09-01,89.7,10.7,30,1
1891-10-01,86.0,10.4,31,1
1891-11-01,69.8,9.4,30,1
1891-12-01,54.3,8.3,31,1
1892-01-01,115.2,12.1,31,1
1892-02-01,126.1,12.6,29,1
1892-03-01,83.3,10.3,31,1
1892-04-01,116.0,12.1,30,1
1892-05-01,132.7,12.9,31,1
1892-06-01,127.3,12.7,30,1
1892-07-01,127.6,12.7,31,1
1892-08-01,169.0,14.6,31,1
1892-09-01,104.7,11.5,30,1
1892-10-01,117.5,12.2,31,1
1892-11-01,108.9,11.7,30,1
1892-12-01,131.0,12.9,31,1
1893-01-01,125.0,10.0,31,1
1893-02-01,121.6,9.8,28,1
1893-03-01,109.5,9.3,31,1
1893-04-01,146.8,10.8,30,1
1893-05-01,141.3,10.6,31,1
1893-06-01,149.8,10.9,30,1
1893-07-01,147.6,10.9,31,1
1893-08-01,215.4,13.1,31,1
1893-09-01,129.9,10.2,30,1
1893-10-01,133.3,10.3,31,1
1893-11-01,125.2,10.0,30,1
1893-12-01,156.4,11.2,31,1
1894-01-01,138.6,10.5,31,1
1894-02-01,141.0,10.6,28,1
1894-03-01,87.1,8.3,31,1
1894-04-01,136.0,10.4,30,1
1894-05-01,168.7,11.6,31,1
1894-06-01,164.8,11.5,30,1
1894-07-01,176.7,11.9,31,1
1894-08-01,117.1,9.6,31,1
1894-09-01,110.0,9.4,30,1
1894-10-01,125.7,10.0,31,1
1894-11-01,94.3,8.7,30,1
1894-12-01,100.1,8.9,31,1
1895-01-01,105.4,9.2,31,1
1895-02-01,112.0,9.4,28,1
1895-03-01,101.6,9.0,31,1
1895-04-01,128.2,10.1,30,1
1895-05-01,112.5,9.4,31,1
1895-06-01,119.1,9.7,30,1
1895-07-01,79.7,8.0,31,1
1895-08-01,114.9,9.6,31,1
1895-09-01,96.1,8.8,30,1
1895-10-01,113.2,9.5,31,1
1895-11-01,78.6,7.9,30,1
1895-12-01,117.9,9.7,31,1
1896-01-01,48.4,6.2,31,1
1896-02-01,95.7,8.7,29,1
1896-03-01,86.5,8.3,31,1
1896-04-01,73.0,7.6,30,1
1896-05-01,46.1,6.1,31,1
1896-06-01,81.7,8.1,30,1
1896-07-01,75.2,7.7,31,1
1896-08-01,45.4,6.0,31,1
1896-09-01,102.2,9.0,30,1
1896-10-01,47.9,6.2,31,1
1896-11-01,63.3,7.1,30,1
1896-12-01,71.0,7.5,31,1
1897-01-01,67.6,7.3,31,1
1897-02-01,49.0,6.2,28,1
1897-03-01,48.7,6.2,31,1
1897-04-01,51.7,6.4,30,1
1897-05-01,33.3,5.2,31,1
1897-06-01,18.9,4.0,30,1
1897-07-01,46.1,6.1,31,1
1897-08-01,36.4,5.4,31,1
1897-09-01,80.4,8.0,30,1
1897-10-01,23.9,4.5,31,1
1897-11-01,14.0,3.5,30,1
1897-12-01,55.5,6.7,31,1
1898-01-01,50.4,6.3,31,1
1898-02-01,60.7,7.0,28,1
1898-03-01,63.9,7.2,31,1
1898-04-01,24.2,4.5,30,1
1898-05-01,43.0,5.9,31,1
1898-06-01,37.1,5.4,30,1
1898-07-01,15.0,3.7,31,1
1898-08-01,52.3,6.5,31,1
1898-09-01,58.1,6.8,30,1
1898-10-01,57.1,6.8,31,1
1898-11-01,51.6,6.4,30,1
1898-12-01,21.1,4.2,31,1
1899-01-01,32.4,5.1,31,1
1899-02-01,15.3,3.7,28,1
1899-03-01,30.3,5.0,31,1
1899-04-01,23.6,4.4,30,1
1899-05-01,12.9,3.3,31,1
1899-06-01,34.1,5.2,30,1
1899-07-01,22.5,4.4,31,1
1899-08-01,4.9,2.6,31,1
1899-09-01,14.0,3.5,30,1
1899-10-01,21.7,4.4,31,1
1899-11-01,13.0,3.4,30,1
1899-12-01,17.6,3.9,31,1
1900-01-01,15.7,3.7,31,1
1900-02-01,22.8,4.5,28,1
1900-03-01,14.4,3.6,31,1
1900-04-01,26.8,4.6,30,1
1900-05-01,25.3,4.6,31,1
1900-06-01,20.1,4.2,30,1
1900-07-01,13.9,3.6,31,1
1900-08-01,7.1,2.9,31,1
1900-09-01,13.9,3.6,30,1
1900-10-01,21.6,4.3,31,1
1900-11-01,7.5,2.9,30,1
1900-12-01,0.5,2.0,31,1
1901-01-01,0.4,2.0,31,1
1901-02-01,4.0,2.4,28,1
1901-03-01,7.4,3.0,31,1
1901-04-01,0.0,2.0,30,1
1901-05-01,17.0,4.0,31,1
1901-06-01,9.7,3.1,30,1
1901-07-01,1.2,2.1,31,1
1901-08-01,1.7,2.2,31,1
1901-09-01,0.9,2.1,30,1
1901-10-01,6.3,2.8,31,1
1901-11-01,6.4,2.7,30,1
1901-12-01,0.0,2.0,31,1
1902-01-01,9.3,3.2,31,1
1902-02-01,0.0,2.0,28,1
1902-03-01,20.7,4.3,31,1
1902-04-01,0.0,2.0,30,1
1902-05-01,4.7,2.5,31,1
1902-06-01,2.4,2.3,30,1
1902-07-01,1.5,2.2,31,1
1902-08-01,3.8,2.4,31,1
1902-09-01,12.6,3.5,30,1
1902-10-01,27.2,4.7,31,1
1902-11-01,17.2,4.0,30,1
1902-12-01,1.8,2.2,31,1
1903-01-01,13.9,3.5,31,1
1903-02-01,28.4,4.8,28,1
1903-03-01,22.5,4.4,31,1
1903-04-01,43.5,5.9,30,1
1903-05-01,24.3,4.5,31,1
1903-06-01,27.2,4.7,30,1
1903-07-01,46.4,6.1,31,1
1903-08-01,48.0,6.2,31,1
1903-09-01,18.5,4.0,30,1
1903-10-01,64.8,7.2,31,1
1903-11-01,74.2,7.7,30,1
1903-12-01,76.2,7.8,31,1
1904-01-01,52.6,6.5,31,1
1904-02-01,40.8,5.7,29,1
1904-03-01,61.9,7.0,31,1
1904-04-01,71.6,7.6,30,1
1904-05-01,65.7,7.2,31,1
1904-06-01,69.8,7.5,30,1
1904-07-01,84.3,8.2,31,1
1904-08-01,97.1,8.8,31,1
1904-09-01,50.2,6.3,30,1
1904-10-01,90.4,8.5,31,1
1904-11-01,63.4,7.1,30,1
1904-12-01,91.1,8.5,31,1
1905-01-01,91.2,8.5,31,1
1905-02-01,143.0,10.7,28,1
1905-03-01,94.3,8.7,31,1
1905-04-01,65.5,7.2,30,1
1905-05-01,79.9,8.0,31,1
1905-06-01,81.6,8.1,30,1
1905-07-01,121.6,9.8,31,1
1905-08-01,98.1,8.8,31,1
1905-09-01,91.8,8.5,30,1
1905-10-01,131.2,10.2,31,1
1905-11-01,178.7,11.9,30,1
1905-12-01,92.5,8.6,31,1
1906-01-01,75.8,7.8,31,1
1906-02-01,52.3,6.5,28,1
1906-03-01,107.4,9.2,31,1
1906-04-01,92.2,8.6,30,1
1906-05-01,96.2,8.7,31,1
1906-06-01,105.3,9.2,30,1
1906-07-01,172.7,11.7,31,1
1906-08-01,79.6,8.0,31,1
1906-09-01,93.5,8.6,30,1
1906-10-01,29.7,4.9,31,1
1906-11-01,64.8,7.2,30,1
1906-12-01,108.0,9.3,31,1
1907-01-01,127.4,10.1,31,1
1907-02-01,180.3,12.0,28,1
1907-03-01,101.1,9.0,31,1
1907-04-01,87.6,8.4,30,1
1907-05-01,71.4,7.5,31,1
1907-06-01,67.2,7.3,30,1
1907-07-01,82.9,8.1,31,1
1907-08-01,90.5,8.5,31,1
1907-09-01,141.7,10.6,30,1
1907-10-01,109.1,9.3,31,1
1907-11-01,102.5,9.0,30,1
1907-12-01,78.9,7.9,31,1
1908-01-01,65.4,7.2,31,1
1908-02-01,56.6,6.7,29,1
1908-03-01,47.9,6.2,31,1
1908-04-01,96.1,8.7,30,1
1908-05-01,68.0,7.4,31,1
1908-06-01,80.2,8.0,30,1
1908-07-01,65.8,7.2,31,1
1908-08-01,150.9,11.0,31,1
1908-09-01,144.9,10.7,30,1
1908-10-01,53.9,6.6,31,1
1908-11-01,75.9,7.8,30,1
1908-12-01,65.9,7.2,31,1
1909-01-01,94.6,8.7,31,1
1909-02-01,77.6,7.9,28,1
1909-03-01,110.5,9.4,31,1
1909-04-01,53.7,6.5,30,1
1909-05-01,60.0,6.9,31,1
1909-06-01,37.8,5.5,30,1
1909-07-01,59.6,6.9,31,1
1909-08-01,38.5,5.5,31,1
1909-09-01,64.7,7.2,30,1
1909-10-01,97.4,8.8,31,1
1909-11-01,93.0,8.6,30,1
1909-12-01,90.2,8.5,31,1
1910-01-01,44.0,5.9,31,1
1910-02-01,52.5,6.5,28,1
1910-03-01,35.7,5.3,31,1
1910-04-01,14.1,3.5,30,1
1910-05-01,36.9,5.4,31,1
1910-06-01,20.5,4.1,30,1
1910-07-01,23.5,4.4,31,1
1910-08-01,19.3,4.1,31,1
1910-09-01,43.7,5.9,30,1
1910-10-01,63.9,7.1,31,1
1910-11-01,8.3,3.0,30,1
1910-12-01,9.6,3.1,31,1
1911-01-01,5.6,2.6,31,1
1911-02-01,15.0,3.7,28,1
1911-03-01,13.0,3.5,31,1
1911-04-01,27.6,4.7,30,1
1911-05-01,15.1,3.7,31,1
1911-06-01,3.7,2.4,30,1
1911-07-01,5.9,2.7,31,1
1911-08-01,6.7,2.7,31,1
1911-09-01,6.7,2.8,30,1
1911-10-01,4.5,2.5,31,1
1911-11-01,7.0,2.7,30,1
1911-12-01,3.7,2.4,31,1
1912-01-01,0.4,2.1,31,1
1912-02-01,0.0,2.0,29,1
1912-03-01,8.2,2.9,31,1
1912-04-01,7.6,3.0,30,1
1912-05-01,7.4,2.8,31,1
1912-06-01,6.9,2.7,30,1
1912-07-01,4.9,2.6,31,1
1912-08-01,0.5,2.1,31,1
1912-09-01,15.9,3.7,30,1
1912-10-01,7.6,3.0,31,1
1912-11-01,1.9,2.3,30,1
1912-12-01,10.6,3.3,31,1
1913-01-01,3.8,2.4,31,1
1913-02-01,4.8,2.6,28,1
1913-03-01,0.8,2.1,31,1
1913-04-01,1.6,2.2,30,1
1913-05-01,0.0,2.0,31,1
1913-06-01,0.0,2.0,30,1
1913-07-01,2.9,2.4,31,1
1913-08-01,0.4,2.0,31,1
1913-09-01,2.0,2.3,30,1
1913-10-01,5.2,2.6,31,1
1913-11-01,1.2,2.1,30,1
1913-12-01,6.3,2.8,31,1
1914-01-01,4.7,2.6,31,1
1914-02-01,4.4,2.5,28,1
1914-03-01,5.3,2.6,31,1
1914-04-01,28.9,4.8,30,1
1914-05-01,8.7,3.1,31,1
1914-06-01,19.1,4.1,30,1
1914-07-01,9.1,3.0,31,1
1914-08-01,12.9,3.5,31,1
1914-09-01,21.2,4.2,30,1
1914-10-01,13.7,3.5,31,1
1914-11-01,27.3,4.7,30,1
1914-12-01,37.3,5.4,31,1
1915-01-01,38.5,5.5,31,1
1915-02-01,70.4,7.5,28,1
1915-03-01,64.8,7.2,31,1
1915-04-01,68.9,7.4,30,1
1915-05-01,55.1,6.7,31,1
1915-06-01,114.7,9.5,30,1
1915-07-01,119.4,9.7,31,1
1915-08-01,116.0,9.6,31,1
1915-09-01,82.4,8.1,30,1
1915-10-01,89.1,8.4,31,1
1915-11-01,70.9,7.5,30,1
1915-12-01,57.5,6.8,31,1
1916-01-01,75.5,7.8,31,1
1916-02-01,92.4,8.6,29,1
1916-03-01,111.7,9.4,31,1
1916-04-01,119.8,9.8,30,1
1916-05-01,124.0,9.9,31,1
1916-06-01,112.9,9.5,30,1
1916-07-01,89.3,8.4,31,1
1916-08-01,58.6,6.9,31,1
1916-09-01,75.1,7.7,30,1
1916-10-01,84.5,8.2,31,1
1916-11-01,109.5,9.3,30,1
1916-12-01,88.3,8.4,31,1
1917-01-01,124.5,10.0,31,1
1917-02-01,119.9,9.8,28,1
1917-03-01,158.0,11.2,31,1
1917-04-01,124.6,10.0,30,1
1917-05-01,190.2,12.3,31,1
1917-06-01,191.4,12.3,30,1
1917-07-01,199.7,12.6,31,1
1917-08-01,257.7,14.3,31,1
1917-09-01,215.6,13.1,30,1
1917-10-01,120.3,9.8,31,1
1917-11-01,160.7,11.3,30,1
1917-12-01,215.5,13.1,31,1
1918-01-01,160.0,11.3,31,1
1918-02-01,108.7,9.3,28,1
1918-03-01,120.4,9.8,31,1
1918-04-01,134.1,10.3,30,1
1918-05-01,127.9,10.1,31,1
1918-06-01,99.0,8.9,30,1
1918-07-01,179.5,11.9,31,1
1918-08-01,169.6,11.6,31,1
1918-09-01,133.2,10.3,30,1
1918-10-01,141.7,10.6,31,1
1918-11-01,139.0,10.5,30,1
1918-12-01,98.5,8.9,31,1
1919-01-01,80.2,8.0,31,1
1919-02-01,132.5,10.3,28,1
1919-03-01,110.9,9.4,31,1
1919-04-01,86.3,8.3,30,1
1919-05-01,146.9,10.8,31,1
1919-06-01,185.3,12.1,30,1
1919-07-01,107.8,9.3,31,1
1919-08-01,115.1,9.6,31,1
1919-09-01,91.1,8.5,30,1
1919-10-01,88.0,8.4,31,1
1919-11-01,69.9,7.5,30,1
1919-12-01,58.0,6.8,31,1
1920-01-01,85.3,8.2,31,1
1920-02-01,89.8,8.5,29,1
1920-03-01,116.9,9.6,31,1
1920-04-01,24.7,4.5,30,1
1920-05-01,55.4,6.6,31,1
1920-06-01,64.6,7.2,30,1
1920-07-01,45.7,6.0,31,1
1920-08-01,31.9,5.1,31,1
1920-09-01,60.5,7.0,30,1
1920-10-01,82.7,8.1,31,1
1920-11-01,45.3,6.0,30,1
1920-12-01,49.8,6.3,31,1
1921-01-01,52.5,6.5,31,1
1921-02-01,47.1,6.1,28,1
1921-03-01,44.5,6.0,31,1
1921-04-01,54.0,6.6,30,1
1921-05-01,37.0,5.5,31,1
1921-06-01,56.2,6.7,30,1
1921-07-01,69.7,7.4,31,1
1921-08-01,38.0,5.5,31,1
1921-09-01,29.6,4.9,30,1
1921-10-01,30.3,5.0,31,1
1921-11-01,29.6,5.0,30,1
1921-12-01,33.9,5.3,31,1
1922-01-01,19.7,4.1,31,1
1922-02-01,43.9,6.0,28,1
1922-03-01,91.3,8.5,31,1
1922-04-01,18.3,4.0,30,1
1922-05-01,13.4,3.5,31,1
1922-06-01,9.8,3.1,30,1
1922-07-01,18.3,4.0,31,1
1922-08-01,10.9,3.3,31,1
1922-09-01,7.8,2.8,30,1
1922-10-01,10.4,3.2,31,1
1922-11-01,12.2,3.3,30,1
1922-12-01,29.0,5.0,31,1
1923-01-01,7.5,3.0,31,1
1923-02-01,2.5,2.3,28,1
1923-03-01,5.5,2.6,31,1
1923-04-01,10.2,3.1,30,1
1923-05-01,5.3,2.6,31,1
1923-06-01,15.3,3.7,30,1
1923-07-01,5.9,2.7,31,1
1923-08-01,0.8,2.1,31,1
1923-09-01,22.1,4.2,30,1
1923-10-01,19.5,4.0,31,1
1923-11-01,16.7,3.8,30,1
1923-12-01,4.6,2.6,31,1
1924-01-01,0.8,2.1,31,1
1924-02-01,8.5,3.1,29,1
1924-03-01,3.0,2.4,31,1
1924-04-01,18.9,4.2,30,1
1924-05-01,34.6,5.3,31,1
1924-06-01,40.0,5.6,30,1
1924-07-01,46.9,6.1,31,1
1924-08-01,32.1,5.1,31,1
1924-09-01,41.9,5.8,30,1
1924-10-01,42.6,5.8,31,1
1924-11-01,37.5,5.6,30,1
1924-12-01,27.5,4.8,31,1
1925-01-01,9.1,3.1,31,1
1925-02-01,38.6,5.6,28,1
1925-03-01,30.0,5.0,31,1
1925-04-01,53.0,6.5,30,1
1925-05-01,71.4,7.5,31,1
1925-06-01,79.1,7.9,30,1
1925-07-01,64.2,7.2,31,1
1925-08-01,63.3,7.1,31,1
1925-09-01,100.3,8.9,30,1
1925-10-01,115.3,9.6,31,1
1925-11-01,97.6,8.8,30,1
1925-12-01,164.4,11.4,31,1
1926-01-01,119.7,9.8,31,1
1926-02-01,116.4,9.6,28,1
1926-03-01,104.2,9.1,31,1
1926-04-01,64.2,7.2,30,1
1926-05-01,107.0,9.2,31,1
1926-06-01,122.4,9.9,30,1
1926-07-01,87.2,8.3,31,1
1926-08-01,102.7,9.0,31,1
1926-09-01,101.4,9.0,30,1
1926-10-01,119.3,9.7,31,1
1926-11-01,100.8,9.0,30,1
1926-12-01,132.4,10.3,31,1
1927-01-01,136.0,10.4,31,1
1927-02-01,155.1,11.1,28,1
1927-03-01,116.1,9.6,31,1
1927-04-01,155.8,11.1,30,1
1927-05-01,131.9,10.2,31,1
1927-06-01,98.5,8.8,30,1
1927-07-01,91.6,8.5,31,1
1927-08-01,89.6,8.4,31,1
1927-09-01,114.1,9.5,30,1
1927-10-01,105.2,9.1,31,1
1927-11-01,112.1,9.4,30,1
1927-12-01,75.3,7.7,31,1
1928-01-01,139.2,10.5,31,1
1928-02-01,122.4,9.9,29,1
1928-03-01,142.4,10.7,31,1
1928-04-01,134.3,10.3,30,1
1928-05-01,128.3,10.1,31,1
1928-06-01,152.4,11.0,30,1
1928-07-01,163.4,11.4,31,1
1928-08-01,139.6,10.5,31,1
1928-09-01,149.6,10.9,30,1
1928-10-01,102.3,9.0,31,1
1928-11-01,83.9,8.2,30,1
1928-12-01,98.3,8.8,31,1
1929-01-01,114.8,9.6,31,1
1929-02-01,104.7,9.1,28,1
1929-03-01,83.8,8.2,31,1
1929-04-01,87.9,8.4,30,1
1929-05-01,97.0,8.8,31,1
1929-06-01,119.9,9.8,30,1
1929-07-01,117.1,9.6,31,1
1929-08-01,109.6,9.3,31,1
1929-09-01,57.3,6.8,30,1
1929-10-01,90.1,8.5,31,1
1929-11-01,135.1,10.4,30,1
1929-12-01,179.9,12.0,31,1
1930-01-01,108.8,9.3,31,1
1930-02-01,83.1,8.1,28,1
1930-03-01,58.4,6.8,31,1
1930-04-01,63.7,7.1,30,1
1930-05-01,61.4,7.0,31,1
1930-06-01,48.0,6.2,30,1
1930-07-01,36.5,5.4,31,1
1930-08-01,41.5,5.7,31,1
1930-09-01,53.5,6.5,30,1
1930-10-01,57.2,6.8,31,1
1930-11-01,59.4,6.9,30,1
1930-12-01,43.0,5.9,31,1
1931-01-01,24.4,4.5,31,1
1931-02-01,71.8,7.6,28,1
1931-03-01,50.1,6.3,31,1
1931-04-01,52.0,6.4,30,1
1931-05-01,40.8,5.7,31,1
1931-06-01,25.5,4.7,30,1
1931-07-01,29.0,4.8,31,1
1931-08-01,21.6,4.3,31,1
1931-09-01,31.7,5.0,30,1
1931-10-01,16.6,3.7,31,1
1931-11-01,31.2,5.1,30,1
1931-12-01,29.7,4.9,31,1
1932-01-01,20.1,4.1,31,1
1932-02-01,17.6,3.9,29,1
1932-03-01,18.8,4.0,31,1
1932-04-01,18.7,4.1,30,1
1932-05-01,29.7,4.9,31,1
1932-06-01,36.9,5.4,30,1
1932-07-01,16.0,3.8,31,1
1932-08-01,11.3,3.3,31,1
1932-09-01,6.6,2.7,30,1
1932-10-01,14.8,3.5,31,1
1932-11-01,13.7,3.5,30,1
1932-12-01,18.5,3.9,31,1
1933-01-01,20.4,4.2,31,1
1933-02-01,36.9,5.6,28,1
1933-03-01,16.8,3.8,31,1
1933-04-01,4.9,2.6,30,1
1933-05-01,5.3,2.6,31,1
1933-06-01,8.7,3.0,30,1
1933-07-01,4.7,2.6,31,1
1933-08-01,0.4,2.0,31,1
1933-09-01,8.5,3.0,30,1
1933-10-01,5.0,2.6,31,1
1933-11-01,1.0,2.1,30,1
1933-12-01,0.4,2.1,31,1
1934-01-01,5.7,2.7,31,1
1934-02-01,12.9,3.4,28,1
1934-03-01,7.2,2.8,31,1
1934-04-01,18.8,4.0,30,1
1934-05-01,32.9,5.2,31,1
1934-06-01,11.2,3.3,30,1
1934-07-01,15.3,3.7,31,1
1934-08-01,13.9,3.6,31,1
1934-09-01,6.7,2.8,30,1
1934-10-01,9.5,3.0,31,1
1934-11-01,14.5,3.6,30,1
1934-12-01,25.7,4.7,31,1
1935-01-01,31.1,5.0,31,1
1935-02-01,34.1,5.2,28,1
1935-03-01,38.5,5.6,31,1
1935-04-01,20.4,4.2,30,1
1935-05-01,45.4,6.1,31,1
1935-06-01,76.2,7.8,30,1
1935-07-01,56.5,6.7,31,1
1935-08-01,50.2,6.3,31,1
1935-09-01,70.1,7.5,30,1
1935-10-01,88.7,8.4,31,1
1935-11-01,107.0,9.2,30,1
1935-12-01,102.5,9.0,31,1
1936-01-01,104.7,9.1,31,1
1936-02-01,123.9,9.9,29,1
1936-03-01,128.4,10.1,31,1
1936-04-01,124.8,10.0,30,1
1936-05-01,90.9,8.5,31,1
1936-06-01,116.7,9.6,30,1
1936-07-01,87.2,8.3,31,1
1936-08-01,145.0,10.7,31,1
1936-09-01,126.7,10.0,30,1
1936-10-01,148.2,10.9,31,1
1936-11-01,192.3,12.4,30,1
1936-12-01,205.6,12.8,31,1
1937-01-01,220.9,13.3,31,1
1937-02-01,214.1,13.0,28,1
1937-03-01,139.7,10.5,31,1
1937-04-01,182.2,12.0,30,1
1937-05-01,194.4,12.4,31,1
1937-06-01,217.1,13.1,30,1
1937-07-01,241.8,13.9,31,1
1937-08-01,229.5,13.5,31,1
1937-09-01,167.9,11.6,30,1
1937-10-01,208.2,12.9,31,1
1937-11-01,123.9,9.9,30,1
1937-12-01,147.9,10.8,31,1
1938-01-01,164.0,11.4,31,1
1938-02-01,198.6,12.6,28,1
1938-03-01,144.2,10.7,31,1
1938-04-01,168.4,11.6,30,1
1938-05-01,212.3,13.0,31,1
1938-06-01,162.6,11.4,30,1
1938-07-01,275.6,14.8,31,1
1938-08-01,192.8,12.4,31,1
1938-09-01,149.3,10.9,30,1
1938-10-01,165.3,11.5,31,1
1938-11-01,203.6,12.7,30,1
1938-12-01,154.7,11.1,31,1
1939-01-01,133.9,10.3,31,1
1939-02-01,129.0,10.1,28,1
1939-03-01,107.8,9.3,31,1
1939-04-01,181.9,12.0,30,1
1939-05-01,197.3,12.5,31,1
1939-06-01,168.3,11.6,30,1
1939-07-01,162.6,11.4,31,1
1939-08-01,176.3,11.8,31,1
1939-09-01,187.7,12.2,30,1
1939-10-01,146.9,10.8,31,1
1939-11-01,113.7,9.5,30,1
1939-12-01,70.2,7.5,31,1
1940-01-01,84.1,8.2,31,1
1940-02-01,99.1,8.9,29,1
1940-03-01,138.9,10.5,31,1
1940-04-01,101.1,9.0,30,1
1940-05-01,90.6,8.5,31,1
1940-06-01,139.8,10.5,30,1
1940-07-01,112.5,9.5,31,1
1940-08-01,175.9,11.8,31,1
1940-09-01,110.8,9.4,30,1
1940-10-01,91.5,8.5,31,1
1940-11-01,97.4,8.8,30,1
1940-12-01,113.8,9.5,31,1
1941-01-01,76.1,7.8,31,1
1941-02-01,74.3,7.7,28,1
1941-03-01,77.5,7.8,31,1
1941-04-01,54.6,6.6,30,1
1941-05-01,49.0,6.3,31,1
1941-06-01,99.6,8.9,30,1
1941-07-01,111.4,9.4,31,1
1941-08-01,100.1,8.9,31,1
1941-09-01,109.8,9.4,30,1
1941-10-01,77.2,7.8,31,1
1941-11-01,64.0,7.2,30,1
1941-12-01,56.2,6.7,31,1
1942-01-01,59.5,6.9,31,1
1942-02-01,87.9,8.4,28,1
1942-03-01,90.4,8.5,31,1
1942-04-01,101.2,9.0,30,1
1942-05-01,41.8,5.8,31,1
1942-06-01,18.9,4.0,30,1
1942-07-01,29.6,4.9,31,1
1942-08-01,33.7,5.2,31,1
1942-09-01,28.7,4.8,30,1
1942-10-01,32.0,5.1,31,1
1942-11-01,51.3,6.4,30,1
1942-12-01,37.6,5.5,31,1
1943-01-01,20.7,4.1,31,1
1943-02-01,48.1,6.2,28,1
1943-03-01,45.7,6.0,31,1
1943-04-01,43.5,5.9,30,1
1943-05-01,23.6,4.3,31,1
1943-06-01,12.7,3.4,30,1
1943-07-01,22.0,4.3,31,1
1943-08-01,32.3,5.1,31,1
1943-09-01,16.7,3.9,30,1
1943-10-01,13.0,3.4,31,1
1943-11-01,17.0,3.9,30,1
1943-12-01,31.4,5.1,31,1
1944-01-01,6.1,2.7,31,1
1944-02-01,0.8,2.1,29,1
1944-03-01,18.3,4.0,31,1
1944-04-01,0.4,2.1,30,1
1944-05-01,4.1,2.6,31,1
1944-06-01,8.2,2.8,30,1
1944-07-01,8.5,2.9,31,1
1944-08-01,27.9,4.8,31,1
1944-09-01,23.7,4.4,30,1
1944-10-01,28.1,4.8,31,1
1944-11-01,17.9,3.9,30,1
1944-12-01,47.4,6.2,31,1
1945-01-01,30.8,5.0,31,1
1945-02-01,21.2,4.2,28,1
1945-03-01,35.9,5.4,31,1
1945-04-01,53.4,6.5,30,1
1945-05-01,51.0,6.4,31,1
1945-06-01,60.2,6.9,30,1
1945-07-01,71.0,7.5,31,1
1945-08-01,43.1,5.9,31,1
1945-09-01,58.1,6.8,30,1
1945-10-01,114.5,9.5,31,1
1945-11-01,76.6,7.8,30,1
1945-12-01,45.7,6.0,31,1
1946-01-01,79.3,7.9,31,1
1946-02-01,143.8,10.7,28,1
1946-03-01,127.7,10.1,31,1
1946-04-01,126.1,10.0,30,1
1946-05-01,141.6,10.6,31,1
1946-06-01,122.6,9.9,30,1
1946-07-01,193.7,12.4,31,1
1946-08-01,178.7,11.9,31,1
1946-09-01,157.4,11.2,30,1
1946-10-01,170.5,11.6,31,1
1946-11-01,206.3,12.8,30,1
1946-12-01,202.9,12.7,31,1
1947-01-01,163.7,8.5,31,1
1947-02-01,188.9,9.2,28,1
1947-03-01,183.8,9.1,31,1
1947-04-01,212.1,9.7,30,1
1947-05-01,285.0,11.3,31,1
1947-06-01,232.1,10.2,30,1
1947-07-01,223.5,10.0,31,1
1947-08-01,267.4,10.9,31,1
1947-09-01,239.9,10.4,30,1
1947-10-01,231.7,10.2,31,1
1947-11-01,181.3,9.0,30,1
1947-12-01,164.9,8.6,31,1
1948-01-01,153.6,8.3,31,1
1948-02-01,122.0,7.4,29,1
1948-03-01,134.3,7.7,31,1
1948-04-01,268.5,11.0,30,1
1948-05-01,246.4,10.5,31,1
1948-06-01,237.5,10.3,30,1
1948-07-01,201.4,9.5,31,1
1948-08-01,223.7,10.0,31,1
1948-09-01,202.9,9.5,30,1
1948-10-01,192.9,9.3,31,1
1948-11-01,135.6,7.8,30,1
1948-12-01,195.3,9.3,31,1
1949-01-01,168.6,8.7,31,1
1949-02-01,258.0,10.8,28,1
1949-03-01,223.0,10.0,31,1
1949-04-01,208.1,9.7,30,1
1949-05-01,150.4,8.2,31,1
1949-06-01,172.4,8.8,30,1
1949-07-01,178.3,8.9,31,1
1949-08-01,175.3,8.9,31,1
1949-09-01,205.8,9.6,30,1
1949-10-01,186.3,9.1,31,1
1949-11-01,203.2,9.5,30,1
1949-12-01,166.6,8.6,31,1
1950-01-01,143.9,8.0,31,1
1950-02-01,134.3,7.7,28,1
1950-03-01,155.4,8.3,31,1
1950-04-01,160.6,8.5,30,1
1950-05-01,150.5,8.2,31,1
1950-06-01,118.3,7.3,30,1
1950-07-01,128.9,7.6,31,1
1950-08-01,120.6,7.3,31,1
1950-09-01,72.7,5.7,30,1
1950-10-01,87.0,6.2,31,1
1950-11-01,77.7,5.9,30,1
1950-12-01,76.7,5.9,31,1
1951-01-01,85.0,6.2,31,1
1951-02-01,84.8,6.1,28,1
1951-03-01,79.3,5.9,31,1
1951-04-01,131.7,7.7,30,1
1951-05-01,153.7,8.3,31,1
1951-06-01,142.4,8.0,30,1
1951-07-01,87.2,6.2,31,1
1951-08-01,86.5,6.2,31,1
1951-09-01,117.7,7.2,30,1
1951-10-01,73.3,5.7,31,1
1951-11-01,74.2,5.7,30,1
1951-12-01,65.0,5.4,31,1
1952-01-01,57.9,5.1,31,1
1952-02-01,32.4,3.8,29,1
1952-03-01,31.5,3.8,31,1
1952-04-01,41.7,4.3,30,1
1952-05-01,33.6,3.9,31,1
1952-06-01,52.0,4.8,30,1
1952-07-01,56.1,5.0,31,1
1952-08-01,77.8,5.9,31,1
1952-09-01,40.4,4.3,30,1
1952-10-01,34.2,3.9,31,1
1952-11-01,31.8,3.8,30,1
1952-12-01,48.9,4.7,31,1
1953-01-01,37.9,4.1,31,1
1953-02-01,5.9,1.7,28,1
1953-03-01,14.7,2.6,31,1
1953-04-01,39.6,4.2,30,1
1953-05-01,18.3,2.9,31,1
1953-06-01,31.5,3.8,30,1
1953-07-01,12.7,2.4,31,1
1953-08-01,33.6,3.9,31,1
1953-09-01,28.0,3.6,30,1
1953-10-01,12.3,2.4,31,1
1953-11-01,2.5,1.1,30,1
1953-12-01,3.9,1.3,31,1
1954-01-01,0.4,0.4,31,1
1954-02-01,0.8,0.6,28,1
1954-03-01,15.8,2.7,31,1
1954-04-01,2.7,1.1,30,1
1954-05-01,1.2,0.7,31,1
1954-06-01,0.4,0.4,30,1
1954-07-01,7.3,1.9,31,1
1954-08-01,12.6,2.4,31,1
1954-09-01,2.3,1.0,30,1
1954-10-01,10.5,2.2,31,1
1954-11-01,13.4,2.5,30,1
1954-12-01,11.3,2.3,31,1
1955-01-01,33.4,3.9,31,1
1955-02-01,29.9,3.7,28,1
1955-03-01,7.3,1.9,31,1
1955-04-01,16.4,2.7,30,1
1955-05-01,41.3,4.3,31,1
1955-06-01,45.2,4.5,30,1
1955-07-01,38.2,4.1,31,1
1955-08-01,58.0,5.1,31,1
1955-09-01,60.8,5.2,30,1
1955-10-01,83.0,6.1,31,1
1955-11-01,126.3,7.5,30,1
1955-12-01,108.8,6.9,31,1
1956-01-01,104.1,6.8,31,1
1956-02-01,175.6,8.9,29,1
1956-03-01,167.7,8.6,31,1
1956-04-01,156.7,8.4,30,1
1956-05-01,193.4,9.3,31,1
1956-06-01,165.1,8.6,30,1
1956-07-01,182.7,9.0,31,1
1956-08-01,240.2,10.4,31,1
1956-09-01,245.4,10.5,30,1
1956-10-01,219.9,9.9,31,1
1956-11-01,285.0,11.3,30,1
1956-12-01,272.0,11.0,31,1
1957-01-01,233.7,10.2,31,1
1957-02-01,184.5,9.1,28,1
1957-03-01,222.8,10.0,31,1
1957-04-01,248.0,10.5,30,1
1957-05-01,233.0,10.2,31,1
1957-06-01,284.3,11.3,30,1
1957-07-01,265.1,10.9,31,1
1957-08-01,223.7,10.0,31,1
1957-09-01,334.0,12.3,30,1
1957-10-01,359.4,12.7,31,1
1957-11-01,298.6,11.6,30,1
1957-12-01,339.0,12.3,31,1
1958-01-01,286.7,11.3,31,1
1958-02-01,233.6,10.2,28,1
1958-03-01,270.0,11.0,31,1
1958-04-01,277.6,11.2,30,1
1958-05-01,248.2,10.5,31,1
1958-06-01,242.9,10.4,30,1
1958-07-01,271.0,11.0,31,1
1958-08-01,283.5,11.3,31,1
1958-09-01,285.1,11.3,30,1
1958-10-01,256.9,10.7,31,1
1958-11-01,215.6,9.8,30,1
1958-12-01,265.7,10.9,31,1
1959-01-01,307.7,11.7,31,1
1959-02-01,202.6,9.5,28,1
1959-03-01,263.0,10.9,31,1
1959-04-01,231.3,10.2,30,1
1959-05-01,243.6,10.4,31,1
1959-06-01,238.9,10.3,30,1
1959-07-01,211.9,9.7,31,1
1959-08-01,282.6,11.3,31,1
1959-09-01,205.6,9.6,30,1
1959-10-01,157.7,8.4,31,1
1959-11-01,175.6,8.9,30,1
1959-12-01,177.1,8.9,31,1
1960-01-01,207.2,9.6,31,1
1960-02-01,149.9,8.2,29,1
1960-03-01,144.6,8.0,31,1
1960-04-01,172.7,8.8,30,1
1960-05-01,169.3,8.7,31,1
1960-06-01,156.0,8.3,30,1
1960-07-01,172.4,8.8,31,1
1960-08-01,190.0,9.2,31,1
1960-09-01,180.1,9.0,30,1
1960-10-01,117.3,7.2,31,1
1960-11-01,126.9,7.5,30,1
1960-12-01,121.2,7.4,31,1
1961-01-01,82.1,6.0,31,1
1961-02-01,65.4,5.4,28,1
1961-03-01,75.2,5.8,31,1
1961-04-01,86.9,6.2,30,1
1961-05-01,72.3,5.7,31,1
1961-06-01,109.5,7.0,30,1
1961-07-01,99.3,6.6,31,1
1961-08-01,79.2,6.0,31,1
1961-09-01,90.1,6.3,30,1
1961-10-01,53.7,4.9,31,1
1961-11-01,46.5,4.6,30,1
1961-12-01,56.9,5.0,31,1
1962-01-01,55.1,5.0,31,1
1962-02-01,71.7,5.7,28,1
1962-03-01,64.9,5.4,31,1
1962-04-01,65.9,5.4,30,1
1962-05-01,61.9,5.2,31,1
1962-06-01,59.6,5.2,30,1
1962-07-01,31.4,3.8,31,1
1962-08-01,31.5,3.8,31,1
1962-09-01,72.7,5.7,30,1
1962-10-01,56.1,5.0,31,1
1962-11-01,38.8,4.2,30,1
1962-12-01,33.2,3.9,31,1
1963-01-01,28.7,3.6,31,1
1963-02-01,35.2,4.0,28,1
1963-03-01,24.8,3.4,31,1
1963-04-01,41.7,4.3,30,1
1963-05-01,61.1,5.2,31,1
1963-06-01,51.2,4.8,30,1
1963-07-01,28.7,3.6,31,1
1963-08-01,47.5,4.6,31,1
1963-09-01,55.2,5.0,30,1
1963-10-01,50.1,4.7,31,1
1963-11-01,33.7,3.9,30,1
1963-12-01,21.6,3.2,31,1
1964-01-01,22.6,3.2,31,1
1964-02-01,25.3,3.4,29,1
1964-03-01,24.1,3.3,31,1
1964-04-01,12.9,2.5,30,1
1964-05-01,14.3,2.6,31,1
1964-06-01,13.5,2.5,30,1
1964-07-01,4.8,1.5,31,1
1964-08-01,13.8,2.5,31,1
1964-09-01,7.0,1.8,30,1
1964-10-01,9.2,2.1,31,1
1964-11-01,11.1,2.3,30,1
1964-12-01,22.1,3.2,31,1
1965-01-01,25.4,3.4,31,1
1965-02-01,20.8,3.1,28,1
1965-03-01,17.5,2.8,31,1
1965-04-01,10.2,2.2,30,1
1965-05-01,34.5,3.9,31,1
1965-06-01,23.3,3.3,30,1
1965-07-01,17.3,2.8,31,1
1965-08-01,13.3,2.5,31,1
1965-09-01,24.5,3.4,30,1
1965-10-01,29.1,3.6,31,1
1965-11-01,22.8,3.2,30,1
1965-12-01,24.7,3.4,31,1
1966-01-01,40.3,4.3,31,1
1966-02-01,35.3,4.0,28,1
1966-03-01,36.4,4.0,31,1
1966-04-01,69.0,5.5,30,1
1966-05-01,64.2,5.3,31,1
1966-06-01,67.7,5.5,30,1
1966-07-01,80.2,6.0,31,1
1966-08-01,72.6,5.7,31,1
1966-09-01,71.1,5.6,30,1
1966-10-01,81.2,6.0,31,1
1966-11-01,81.0,6.0,30,1
1966-12-01,99.8,6.7,31,1
1967-01-01,157.0,8.4,31,1
1967-02-01,132.6,7.7,28,1
1967-03-01,158.3,8.4,31,1
1967-04-01,98.4,6.6,30,1
1967-05-01,122.5,7.4,31,1
1967-06-01,95.4,6.5,30,1
1967-07-01,129.5,7.6,31,1
1967-08-01,151.8,8.2,31,1
1967-09-01,108.7,7.0,30,1
1967-10-01,125.0,7.5,31,1
1967-11-01,133.6,7.7,30,1
1967-12-01,179.0,8.9,31,1
1968-01-01,172.5,8.8,31,1
1968-02-01,158.5,8.4,29,1
1968-03-01,130.5,7.6,31,1
1968-04-01,115.0,7.2,30,1
1968-05-01,180.0,9.0,31,1
1968-06-01,156.2,8.3,30,1
1968-07-01,136.2,7.8,31,1
1968-08-01,154.8,8.3,31,1
1968-09-01,166.0,8.6,30,1
1968-10-01,152.5,8.2,31,1
1968-11-01,121.7,7.4,30,1
1968-12-01,155.5,8.3,31,1
1969-01-01,147.8,8.1,31,1
1969-02-01,170.5,8.7,28,1
1969-03-01,192.3,9.3,31,1
1969-04-01,151.1,8.2,30,1
1969-05-01,169.9,8.7,31,1
1969-06-01,150.1,8.2,30,1
1969-07-01,137.1,7.8,31,1
1969-08-01,138.8,7.9,31,1
1969-09-01,129.3,7.6,30,1
1969-10-01,135.4,7.8,31,1
1969-11-01,132.4,7.7,30,1
1969-12-01,138.6,7.9,31,1
1970-01-01,157.9,8.4,31,1
1970-02-01,180.8,9.0,28,1
1970-03-01,145.7,8.1,31,1
1970-04-01,155.1,8.3,30,1
1970-05-01,180.5,9.0,31,1
1970-06-01,151.3,8.2,30,1
1970-07-01,159.3,8.4,31,1
1970-08-01,131.7,7.7,31,1
1970-09-01,140.8,7.9,30,1
1970-10-01,122.6,7.4,31,1
1970-11-01,134.8,7.8,30,1
1970-12-01,118.2,7.2,31,1
1971-01-01,129.2,7.6,31,1
1971-02-01,111.8,7.0,28,1
1971-03-01,85.9,6.2,31,1
1971-04-01,101.6,6.7,30,1
1971-05-01,81.5,6.0,31,1
1971-06-01,70.7,5.6,30,1
1971-07-01,114.7,7.1,31,1
1971-08-01,87.0,6.2,31,1
1971-09-01,71.3,5.6,30,1
1971-10-01,73.4,5.7,31,1
1971-11-01,89.5,6.3,30,1
1971-12-01,116.5,7.2,31,1
1972-01-01,87.0,6.2,31,1
1972-02-01,125.3,7.5,29,1
1972-03-01,113.5,7.1,31,1
1972-04-01,89.6,6.3,30,1
1972-05-01,113.9,7.1,31,1
1972-06-01,124.7,7.4,30,1
1972-07-01,108.3,6.9,31,1
1972-08-01,108.9,7.0,31,1
1972-09-01,90.7,6.4,30,1
1972-10-01,86.9,6.2,31,1
1972-11-01,59.2,5.2,30,1
1972-12-01,64.3,5.4,31,1
1973-01-01,61.8,5.2,31,1
1973-02-01,60.9,5.2,28,1
1973-03-01,65.4,5.4,31,1
1973-04-01,81.8,6.0,30,1
1973-05-01,60.3,5.2,31,1
1973-06-01,56.1,5.0,30,1
1973-07-01,33.2,3.9,31,1
1973-08-01,36.6,4.1,31,1
1973-09-01,84.1,6.1,30,1
1973-10-01,43.7,4.4,31,1
1973-11-01,34.3,3.9,30,1
1973-12-01,33.3,3.9,31,1
1974-01-01,39.4,4.2,31,1
1974-02-01,37.3,4.1,28,1
1974-03-01,30.9,3.8,31,1
1974-04-01,57.5,5.1,30,1
1974-05-01,56.3,5.0,31,1
1974-06-01,51.5,4.8,30,1
1974-07-01,79.1,5.9,31,1
1974-08-01,47.9,4.6,31,1
1974-09-01,57.2,5.0,30,1
1974-10-01,67.2,5.5,31,1
1974-11-01,35.9,4.0,30,1
1974-12-01,29.6,3.7,31,1
1975-01-01,27.3,3.5,31,1
1975-02-01,16.7,2.8,28,1
1975-03-01,16.9,2.8,31,1
1975-04-01,7.7,1.9,30,1
1975-05-01,13.1,2.5,31,1
1975-06-01,16.7,2.8,30,1
1975-07-01,40.4,4.3,31,1
1975-08-01,56.7,5.0,31,1
1975-09-01,20.3,3.1,30,1
1975-10-01,13.6,2.5,31,1
1975-11-01,27.9,3.6,30,1
1975-12-01,11.6,2.3,31,1
1976-01-01,11.9,2.3,31,1
1976-02-01,6.4,1.7,29,1
1976-03-01,31.5,3.8,31,1
1976-04-01,27.3,3.5,30,1
1976-05-01,18.2,2.9,31,1
1976-06-01,17.9,2.9,30,1
1976-07-01,2.9,1.2,31,1
1976-08-01,24.1,3.3,31,1
1976-09-01,20.0,3.0,30,1
1976-10-01,29.7,3.7,31,1
1976-11-01,7.9,1.9,30,1
1976-12-01,22.3,3.2,31,1
1977-01-01,23.8,3.3,31,1
1977-02-01,33.3,3.9,28,1
1977-03-01,13.0,2.5,31,1
1977-04-01,19.0,3.0,30,1
1977-05-01,27.0,3.5,31,1
1977-06-01,54.9,5.0,30,1
1977-07-01,30.6,3.7,31,1
1977-08-01,43.0,4.4,31,1
1977-09-01,62.4,5.3,30,1
1977-10-01,62.1,5.3,31,1
1977-11-01,41.6,4.3,30,1
1977-12-01,61.4,5.2,31,1
1978-01-01,73.7,5.7,31,1
1978-02-01,132.6,7.7,28,1
1978-03-01,108.4,6.9,31,1
1978-04-01,141.2,7.9,30,1
1978-05-01,117.1,7.2,31,1
1978-06-01,134.6,7.8,30,1
1978-07-01,99.7,6.7,31,1
1978-08-01,82.4,6.0,31,1
1978-09-01,195.7,9.3,30,1
1978-10-01,177.1,8.9,31,1
1978-11-01,138.5,7.9,30,1
1978-12-01,173.9,8.8,31,1
1979-01-01,235.9,10.3,31,1
1979-02-01,194.7,9.3,28,1
1979-03-01,195.3,9.3,31,1
1979-04-01,143.7,8.0,30,1
1979-05-01,190.3,9.2,31,1
1979-06-01,211.7,9.7,30,1
1979-07-01,225.7,10.0,31,1
1979-08-01,201.4,9.5,31,1
1979-09-01,266.9,10.9,30,1
1979-10-01,263.6,10.9,31,1
1979-11-01,259.5,10.8,30,1
1979-12-01,249.6,10.6,31,1
1980-01-01,226.1,10.1,31,1
1980-02-01,219.4,9.9,29,1
1980-03-01,178.7,8.9,31,1
1980-04-01,232.2,10.2,30,1
1980-05-01,254.7,10.7,31,1
1980-06-01,222.7,10.0,30,1
1980-07-01,192.9,9.3,31,1
1980-08-01,191.7,9.3,31,1
1980-09-01,219.6,9.9,30,1
1980-10-01,233.3,10.2,31,1
1980-11-01,209.5,9.7,30,1
1980-12-01,246.9,10.5,31,1
1981-01-01,156.6,9.5,271,1
1981-02-01,189.9,12.4,229,1
1981-03-01,196.6,11.6,244,1
1981-04-01,225.3,14.9,254,1
1981-05-01,194.7,13.4,268,1
1981-06-01,131.6,9.5,227,1
1981-07-01,205.3,13.0,268,1
1981-08-01,242.5,13.9,276,1
1981-09-01,245.3,18.5,255,1
1981-10-01,216.2,12.1,243,1
1981-11-01,186.0,14.2,248,1
1981-12-01,195.4,11.9,266,1
1982-01-01,149.8,10.2,287,1
1982-02-01,230.9,13.6,256,1
1982-03-01,221.1,11.4,263,1
1982-04-01,170.3,8.3,284,1
1982-05-01,119.3,8.5,318,1
1982-06-01,163.7,11.2,313,1
1982-07-01,139.4,14.0,292,1
1982-08-01,161.9,11.8,301,1
1982-09-01,167.4,9.7,308,1
1982-10-01,134.3,10.4,308,1
1982-11-01,127.5,18.6,244,1
1982-12-01,169.0,15.4,262,1
1983-01-01,115.5,8.7,267,1
1983-02-01,73.1,6.3,261,1
1983-03-01,88.7,7.1,259,1
1983-04-01,109.6,9.7,282,1
1983-05-01,132.5,9.4,330,1
1983-06-01,131.5,8.2,361,1
1983-07-01,108.9,7.3,431,1
1983-08-01,96.0,8.4,429,1
1983-09-01,69.9,5.5,397,1
1983-10-01,72.5,7.0,431,1
1983-11-01,45.7,7.3,363,1
1983-12-01,45.6,5.5,405,1
1984-01-01,74.8,6.5,399,1
1984-02-01,110.2,8.1,377,1
1984-03-01,116.7,8.7,395,1
1984-04-01,90.4,7.6,407,1
1984-05-01,96.9,7.0,462,1
1984-06-01,65.1,5.4,438,1
1984-07-01,55.7,5.1,468,1
1984-08-01,35.0,3.4,509,1
1984-09-01,22.6,3.9,429,1
1984-10-01,12.6,3.8,428,1
1984-11-01,26.5,4.7,394,1
1984-12-01,21.4,3.9,397,1
1985-01-01,17.8,3.9,425,1
1985-02-01,20.7,3.8,412,1
1985-03-01,16.9,3.9,389,1
1985-04-01,20.4,3.7,468,1
1985-05-01,32.4,3.7,457,1
1985-06-01,28.3,3.9,465,1
1985-07-01,39.9,3.8,540,1
1985-08-01,10.1,3.5,546,1
1985-09-01,4.3,2.4,511,1
1985-10-01,22.0,4.2,486,1
1985-11-01,17.9,2.6,422,1
1985-12-01,15.8,4.6,422,1
1986-01-01,2.8,2.8,460,1
1986-02-01,27.9,3.6,420,1
1986-03-01,13.8,3.8,433,1
1986-04-01,22.4,4.1,449,1
1986-05-01,16.1,3.6,530,1
1986-06-01,0.6,2.1,494,1
1986-07-01,18.1,3.9,510,1
1986-08-01,9.9,2.3,567,1
1986-09-01,5.1,3.0,505,1
1986-10-01,40.1,4.4,507,1
1986-11-01,15.4,4.3,515,1
1986-12-01,5.8,2.8,544,1
1987-01-01,9.8,2.7,487,1
1987-02-01,3.4,2.6,429,1
1987-03-01,17.4,3.0,501,1
1987-04-01,46.0,4.4,581,1
1987-05-01,39.1,3.5,566,1
1987-06-01,18.8,3.5,586,1
1987-07-01,38.2,4.3,645,1
1987-08-01,47.9,3.3,619,1
1987-09-01,42.2,3.5,609,1
1987-10-01,63.4,4.8,501,1
1987-11-01,48.8,5.1,417,1
1987-12-01,29.1,3.2,455,1
1988-01-01,70.5,5.5,484,1
1988-02-01,45.4,4.6,525,1
1988-03-01,91.2,5.7,516,1
1988-04-01,108.8,6.7,562,1
1988-05-01,74.2,6.1,582,1
1988-06-01,124.3,8.3,574,1
1988-07-01,131.4,9.6,605,1
1988-08-01,139.4,9.0,649,1
1988-09-01,142.7,9.4,551,1
1988-10-01,156.5,9.7,530,1
1988-11-01,156.8,8.9,488,1
1988-12-01,231.2,13.5,490,1
1989-01-01,210.1,15.0,536,1
1989-02-01,208.7,12.7,489,1
1989-03-01,170.4,10.2,573,1
1989-04-01,166.3,9.7,534,1
1989-05-01,195.4,10.6,668,1
1989-06-01,284.5,15.5,619,1
1989-07-01,180.5,10.2,673,1
1989-08-01,232.0,13.5,639,1
1989-09-01,225.1,14.9,585,1
1989-10-01,212.2,11.2,562,1
1989-11-01,238.2,15.2,550,1
1989-12-01,211.4,13.5,504,1
1990-01-01,227.4,13.6,516,1
1990-02-01,171.8,11.3,518,1
1990-03-01,191.7,11.0,592,1
1990-04-01,189.7,10.1,575,1
1990-05-01,175.2,10.0,691,1
1990-06-01,153.3,9.1,599,1
1990-07-01,191.1,9.8,661,1
1990-08-01,252.1,12.8,714,1
1990-09-01,169.1,9.2,622,1
1990-10-01,199.4,12.6,605,1
1990-11-01,178.8,12.3,536,1
1990-12-01,197.1,12.6,479,1
1991-01-01,195.3,14.5,552,1
1991-02-01,240.3,13.9,493,1
1991-03-01,197.0,11.8,546,1
1991-04-01,197.6,11.9,590,1
1991-05-01,166.9,9.9,625,1
1991-06-01,224.7,12.9,620,1
1991-07-01,240.2,13.7,661,1
1991-08-01,240.8,14.3,707,1
1991-09-01,168.9,11.3,621,1
1991-10-01,197.1,13.2,524,1
1991-11-01,159.5,10.1,487,1
1991-12-01,212.6,14.1,506,1
1992-01-01,198.3,12.9,566,1
1992-02-01,230.7,14.5,590,1
1992-03-01,151.0,9.2,537,1
1992-04-01,142.2,9.5,660,1
1992-05-01,94.3,7.7,746,1
1992-06-01,98.5,6.6,706,1
1992-07-01,114.2,7.7,761,1
1992-08-01,91.9,6.7,794,1
1992-09-01,94.0,5.5,764,1
1992-10-01,133.4,8.2,623,1
1992-11-01,129.6,8.2,559,1
1992-12-01,122.0,8.4,539,1
1993-01-01,81.4,5.9,583,1
1993-02-01,127.8,8.3,551,1
1993-03-01,102.4,6.6,739,1
1993-04-01,94.4,6.7,719,1
1993-05-01,78.8,5.7,752,1
1993-06-01,69.6,5.4,706,1
1993-07-01,80.4,5.4,699,1
1993-08-01,62.5,5.0,809,1
1993-09-01,31.2,4.5,709,1
1993-10-01,71.1,5.5,630,1
1993-11-01,48.2,4.4,551,1
1993-12-01,68.4,5.9,562,1
1994-01-01,84.9,6.6,582,1
1994-02-01,54.9,4.8,539,1
1994-03-01,47.5,4.1,728,1
1994-04-01,27.4,3.9,763,1
1994-05-01,29.8,4.1,789,1
1994-06-01,39.7,5.0,789,1
1994-07-01,50.6,4.3,865,1
1994-08-01,34.3,3.2,876,1
1994-09-01,40.5,4.1,735,1
1994-10-01,67.1,4.2,657,1
1994-11-01,29.5,4.7,591,1
1994-12-01,32.2,3.5,610,1
1995-01-01,32.6,5.3,630,1
1995-02-01,45.8,3.9,620,1
1995-03-01,46.3,3.8,706,1
1995-04-01,21.6,3.6,698,1
1995-05-01,19.4,2.8,781,1
1995-06-01,22.5,3.8,747,1
1995-07-01,20.4,3.1,842,1
1995-08-01,18.2,3.6,854,1
1995-09-01,15.7,3.0,708,1
1995-10-01,30.6,3.7,734,1
1995-11-01,14.0,3.7,594,1
1995-12-01,14.9,3.6,515,1
1996-01-01,13.3,3.4,535,1
1996-02-01,7.7,3.4,532,1
1996-03-01,12.6,3.1,621,1
1996-04-01,6.8,2.5,678,1
1996-05-01,7.6,3.1,676,1
1996-06-01,16.5,2.9,682,1
1996-07-01,11.8,2.6,766,1
1996-08-01,19.7,3.5,759,1
1996-09-01,3.0,2.5,656,1
1996-10-01,0.7,2.1,630,1
1996-11-01,24.9,4.4,536,1
1996-12-01,14.0,2.9,543,1
1997-01-01,7.4,3.2,497,1
1997-02-01,11.0,2.9,545,1
1997-03-01,12.1,2.4,627,1
1997-04-01,23.0,3.3,663,1
1997-05-01,25.4,2.8,716,1
1997-06-01,20.8,2.5,656,1
1997-07-01,12.9,4.2,700,1
1997-08-01,35.7,3.8,723,1
1997-09-01,59.7,4.8,661,1
1997-10-01,32.8,3.6,623,1
1997-11-01,50.4,4.7,465,1
1997-12-01,55.5,4.6,418,1
1998-01-01,44.5,4.6,521,1
1998-02-01,50.2,4.6,559,1
1998-03-01,82.0,5.9,571,1
1998-04-01,70.6,7.2,537,1
1998-05-01,74.0,4.8,620,1
1998-06-01,90.5,6.0,521,1
1998-07-01,96.7,6.3,597,1
1998-08-01,121.1,7.4,586,1
1998-09-01,132.0,8.6,502,1
1998-10-01,78.5,6.6,432,1
1998-11-01,97.3,6.8,472,1
1998-12-01,119.2,9.4,435,1
1999-01-01,86.0,7.6,475,1
1999-02-01,98.0,7.6,446,1
1999-03-01,103.5,6.8,518,1
1999-04-01,93.6,7.5,569,1
1999-05-01,149.6,8.5,630,1
1999-06-01,207.2,10.5,567,1
1999-07-01,173.5,9.3,594,1
1999-08-01,142.3,12.9,649,1
1999-09-01,106.3,6.5,624,1
1999-10-01,168.7,10.4,531,1
1999-11-01,188.3,12.3,406,1
1999-12-01,116.8,9.3,404,1
2000-01-01,133.1,10.4,450,1
2000-02-01,165.7,10.4,490,1
2000-03-01,217.7,11.9,456,1
2000-04-01,191.5,10.2,529,1
2000-05-01,165.9,10.1,551,1
2000-06-01,188.0,8.8,532,1
2000-07-01,244.3,12.0,507,1
2000-08-01,180.5,9.4,626,1
2000-09-01,156.0,11.2,558,1
2000-10-01,141.6,8.0,483,1
2000-11-01,158.1,8.9,380,1
2000-12-01,143.3,8.7,391,1
2001-01-01,142.6,9.2,437,1
2001-02-01,121.5,8.1,453,1
2001-03-01,165.8,11.9,485,1
2001-04-01,161.7,9.4,578,1
2001-05-01,142.1,8.3,578,1
2001-06-01,202.9,10.8,586,1
2001-07-01,123.0,8.4,645,1
2001-08-01,161.5,9.3,654,1
2001-09-01,238.2,12.1,518,1
2001-10-01,194.1,11.3,628,1
2001-11-01,176.6,13.3,509,1
2001-12-01,213.4,12.5,487,1
2002-01-01,184.6,11.7,500,1
2002-02-01,170.2,11.3,475,1
2002-03-01,147.1,9.1,580,1
2002-04-01,186.9,9.8,603,1
2002-05-01,187.5,9.7,595,1
2002-06-01,128.8,7.7,569,1
2002-07-01,161.0,11.0,628,1
2002-08-01,175.6,9.8,663,1
2002-09-01,187.9,10.1,554,1
2002-10-01,151.2,8.0,543,1
2002-11-01,147.2,8.2,470,1
2002-12-01,135.3,10.0,408,1
2003-01-01,133.5,7.4,482,1
2003-02-01,75.7,5.7,538,1
2003-03-01,100.7,7.5,633,1
2003-04-01,97.9,6.4,619,1
2003-05-01,86.8,6.6,606,1
2003-06-01,118.7,7.9,672,1
2003-07-01,128.3,7.9,677,1
2003-08-01,115.4,7.3,721,1
2003-09-01,78.5,5.8,685,1
2003-10-01,97.8,8.8,570,1
2003-11-01,82.9,6.3,443,1
2003-12-01,72.2,5.3,441,1
2004-01-01,60.6,5.2,491,1
2004-02-01,74.6,6.0,479,1
2004-03-01,74.8,5.1,594,1
2004-04-01,59.2,5.1,601,1
2004-05-01,72.8,5.7,614,1
2004-06-01,66.5,6.8,646,1
2004-07-01,83.8,8.8,709,1
2004-08-01,69.7,5.5,686,1
2004-09-01,48.8,5.3,604,1
2004-10-01,74.2,5.5,539,1
2004-11-01,70.1,5.4,477,1
2004-12-01,28.9,3.4,442,1
2005-01-01,48.1,4.6,536,1
2005-02-01,43.5,4.3,500,1
2005-03-01,39.6,3.8,607,1
2005-04-01,38.7,3.8,598,1
2005-05-01,61.9,5.7,641,1
2005-06-01,56.8,5.3,675,1
2005-07-01,62.4,6.1,678,1
2005-08-01,60.5,5.3,706,1
2005-09-01,37.2,4.5,691,1
2005-10-01,13.2,3.4,534,1
2005-11-01,27.5,4.1,499,1
2005-12-01,59.3,3.9,419,1
2006-01-01,20.9,3.4,511,1
2006-02-01,5.7,3.7,434,1
2006-03-01,17.3,4.2,502,1
2006-04-01,50.3,5.1,550,1
2006-05-01,37.2,3.9,566,1
2006-06-01,24.5,3.3,566,1
2006-07-01,22.2,2.4,628,1
2006-08-01,20.8,2.5,650,1
2006-09-01,23.7,3.0,567,1
2006-10-01,14.9,2.4,537,1
2006-11-01,35.7,3.5,444,1
2006-12-01,22.3,3.5,415,1
2007-01-01,29.3,2.8,474,1
2007-02-01,18.4,2.7,423,1
2007-03-01,7.2,2.8,611,1
2007-04-01,5.4,2.4,650,1
2007-05-01,19.5,3.3,615,1
2007-06-01,21.3,3.4,607,1
2007-07-01,15.1,1.9,703,1
2007-08-01,9.8,2.2,669,1
2007-09-01,4.0,2.1,637,1
2007-10-01,1.5,2.4,547,1
2007-11-01,2.8,2.5,437,1
2007-12-01,17.3,3.1,468,1
2008-01-01,4.1,2.8,480,1
2008-02-01,2.9,2.4,490,1
2008-03-01,15.5,2.7,548,1
2008-04-01,3.6,2.3,562,1
2008-05-01,4.6,3.2,637,1
2008-06-01,5.2,2.3,637,1
2008-07-01,0.6,2.0,664,1
2008-08-01,0.3,2.0,525,1
2008-09-01,1.2,2.4,605,1
2008-10-01,4.2,2.9,571,1
2008-11-01,6.6,2.4,445,1
2008-12-01,1.0,2.0,480,1
2009-01-01,1.3,2.0,317,1
2009-02-01,1.2,2.2,385,1
2009-03-01,0.6,2.0,523,1
2009-04-01,1.2,2.2,586,1
2009-05-01,2.9,2.4,610,1
2009-06-01,6.3,2.7,623,1
2009-07-01,5.5,2.6,671,1
2009-08-01,0.0,2.0,691,1
2009-09-01,7.1,2.2,628,1
2009-10-01,7.7,2.7,564,1
2009-11-01,6.9,3.2,452,1
2009-12-01,16.3,3.5,415,1
2010-01-01,19.5,2.5,413,1
2010-02-01,28.5,2.7,376,1
2010-03-01,24.0,3.6,564,1
2010-04-01,10.4,3.3,592,1
2010-05-01,13.9,3.4,573,1
2010-06-01,18.8,3.0,600,1
2010-07-01,25.2,3.4,718,1
2010-08-01,29.6,3.4,689,1
2010-09-01,36.4,4.0,505,1
2010-10-01,33.6,3.9,501,1
2010-11-01,34.4,3.7,404,1
2010-12-01,24.5,3.6,393,1
2011-01-01,27.3,3.1,417,1
2011-02-01,48.3,5.1,399,1
2011-03-01,78.6,6.9,566,1
2011-04-01,76.1,6.2,557,1
2011-05-01,58.2,5.0,607,1
2011-06-01,56.1,5.0,544,1
2011-07-01,64.5,4.8,549,1
2011-08-01,65.8,5.6,605,1
2011-09-01,120.1,8.8,535,1
2011-10-01,125.7,9.0,503,1
2011-11-01,139.1,9.9,434,1
2011-12-01,109.3,8.4,361,1
2012-01-01,94.4,7.1,386,1
2012-02-01,47.8,4.4,388,1
2012-03-01,86.6,7.3,500,1
2012-04-01,85.9,6.9,479,1
2012-05-01,96.5,7.2,543,1
2012-06-01,92.0,6.5,498,1
2012-07-01,100.1,7.3,601,1
2012-08-01,94.8,6.5,612,1
2012-09-01,93.7,8.1,511,1
2012-10-01,76.5,5.1,493,1
2012-11-01,87.6,6.5,382,1
2012-12-01,56.8,5.1,360,1
2013-01-01,96.1,6.3,362,1
2013-02-01,60.9,4.4,363,1
2013-03-01,78.3,6.1,429,1
2013-04-01,107.3,6.8,509,1
2013-05-01,120.2,8.2,487,1
2013-06-01,76.7,5.2,469,1
2013-07-01,86.2,6.7,575,1
2013-08-01,91.8,6.6,563,1
2013-09-01,54.5,5.3,446,1
2013-10-01,114.4,8.2,421,1
2013-11-01,113.9,8.2,321,1
2013-12-01,124.2,9.1,402,1
2014-01-01,117.0,8.2,398,1
2014-02-01,146.1,10.7,384,1
2014-03-01,128.7,8.6,493,1
2014-04-01,112.5,6.9,486,1
2014-05-01,112.5,7.5,493,1
2014-06-01,102.9,7.7,469,1
2014-07-01,100.2,7.4,477,1
2014-08-01,106.9,7.6,486,1
2014-09-01,130.0,8.7,419,1
2014-10-01,90.0,6.9,440,1
2014-11-01,103.6,8.5,397,1
2014-12-01,112.9,7.4,331,1
2015-01-01,93.0,7.5,546,1
2015-02-01,66.7,5.3,442,1
2015-03-01,54.5,4.8,628,1
2015-04-01,75.3,8.2,847,1
2015-05-01,88.8,8.6,895,1
2015-06-01,66.5,6.3,826,1
2015-07-01,65.8,5.7,977,1
2015-08-01,64.4,5.2,892,1
2015-09-01,78.6,6.4,862,1
2015-10-01,63.6,5.4,662,1
2015-11-01,62.2,5.2,622,1
2015-12-01,58.0,5.4,704,1
2016-01-01,57.0,4.7,634,1
2016-02-01,56.4,5.1,662,1
2016-03-01,54.1,4.9,873,1
2016-04-01,37.9,3.5,865,1
2016-05-01,51.5,4.7,878,1
2016-06-01,20.5,2.0,942,1
2016-07-01,32.4,3.8,1025,1
2016-08-01,50.2,4.5,1067,1
2016-09-01,44.6,3.8,900,1
2016-10-01,33.4,3.1,782,1
2016-11-01,21.4,2.6,689,1
2016-12-01,18.5,2.4,623,1
2017-01-01,26.1,2.5,830,1
2017-02-01,26.4,3.7,542,1
2017-03-01,17.7,2.6,1011,1
2017-04-01,32.3,3.7,920,1
2017-05-01,18.9,1.8,1101,1
2017-06-01,19.2,1.4,1136,1
2017-07-01,17.8,2.6,1093,1
2017-08-01,32.6,2.9,1002,1
2017-09-01,43.7,4.1,973,1
2017-10-01,13.2,1.0,1125,1
2017-11-01,5.7,0.5,997,1
2017-12-01,8.2,1.2,714,1
2018-01-01,6.8,1.5,701,1
2018-02-01,10.7,1.1,917,1
2018-03-01,2.5,0.4,1081,1
2018-04-01,8.9,1.3,996,1
2018-05-01,13.1,1.6,1234,1
2018-06-01,15.6,1.6,1070,1
2018-07-01,1.6,0.6,1438,1
2018-08-01,8.7,1.0,1297,1
2018-09-01,3.3,0.6,1223,1
2018-10-01,4.9,1.2,1097,1
2018-11-01,4.9,0.6,771,1
2018-12-01,3.1,0.5,786,1
2019-01-01,7.7,0.8,841,1
2019-02-01,0.8,0.1,1042,1
2019-03-01,9.4,1.0,995,1
2019-04-01,9.1,0.7,1039,1
2019-05-01,9.9,0.7,1159,1
2019-06-01,1.2,0.7,1273,1
2019-07-01,0.9,0.2,1214,1
2019-08-01,0.5,0.1,1344,1
2019-09-01,1.1,0.3,1225,1
2019-10-01,0.4,0.1,1065,1
2019-11-01,0.5,0.1,832,1
2019-12-01,1.5,0.5,855,1
2020-01-01,6.2,0.7,795,1
2020-02-01,0.2,0.1,967,1
2020-03-01,1.5,0.1,1055,1
2020-04-01,5.2,0.6,1234,1
2020-05-01,0.2,0.1,1363,1
2020-06-01,5.8,0.6,1196,1
2020-07-01,6.1,3.7,1548,1
2020-08-01,7.5,4.1,1587,1
2020-09-01,0.6,2.2,1244,1
2020-10-01,14.6,7.4,1215,1
2020-11-01,34.5,8.1,1238,1
2020-12-01,23.1,6.0,998,1
2021-01-01,10.4,5.9,1036,1
2021-02-01,8.2,4.3,1122,1
2021-03-01,17.2,6.2,1322,1
2021-04-01,24.5,6.9,1441,1
2021-05-01,21.2,5.5,1411,1
2021-06-01,25.0,5.7,1411,1
2021-07-01,34.3,9.1,1424,1
2021-08-01,22.0,7.9,1447,1
2021-09-01,51.3,9.6,1361,1
2021-10-01,37.4,8.7,1347,1
2021-11-01,34.8,7.0,1066,1
2021-12-01,67.5,15.6,845,1
2022-01-01,55.3,11.2,1176,1
2022-02-01,60.9,11.1,1146,1
2022-03-01,78.6,14.0,1413,1
2022-04-01,84.0,15.3,1376,1
2022-05-01,96.5,16.3,1401,1
2022-06-01,70.3,13.2,1403,1
2022-07-01,91.4,12.2,1487,1
2022-08-01,74.6,11.3,1470,1
2022-09-01,96.0,16.3,1264,1
2022-10-01,95.5,16.0,1215,1
2022-11-01,80.5,16.2,1047,1
2022-12-01,112.8,16.6,860,1
2023-01-01,144.4,29.4,968,1
2023-02-01,111.3,20.7,1014,1
2023-03-01,123.3,17.9,1081,1
2023-04-01,97.6,18.0,1132,1
2023-05-01,137.4,19.6,1240,1
2023-06-01,160.5,20.0,1248,1
2023-07-01,160.0,18.2,1278,1
2023-08-01,114.8,15.0,1247,1
2023-09-01,134.2,18.3,1261,1
2023-10-01,99.9,16.2,1104,1
2023-11-01,107.1,16.9,928,1
2023-12-01,113.5,17.7,785,1
2024-01-01,126.0,19.8,890,1
2024-02-01,123.0,21.7,806,1
2024-03-01,103.7,16.6,1071,1
2024-04-01,137.0,22.1,1094,1
2024-05-01,172.1,23.1,1215,1
2024-06-01,164.1,21.4,1186,1
2024-07-01,196.8,24.7,1218,1
2024-08-01,216.0,24.5,1279,1
2024-09-01,141.1,19.5,1047,1
2024-10-01,165.8,23.4,1013,1
2024-11-01,154.1,21.2,793,1
2024-12-01,154.6,24.0,653,1
2025-01-01,137.0,23.1,772,1
2025-02-01,155.7,23.6,791,1
2025-03-01,134.2,20.9,1136,1
2025-04-01,141.4,17.7,1199,1
2025-05-01,78.5,10.9,1225,1
2025-06-01,114.6,15.0,1231,1
2025-07-01,125.9,16.7,1278,1
2025-08-01,133.7,18.3,1248,1
2025-09-01,129.7,15.5,1046,1
2025-10-01,114.6,17.5,827,0
2025-11-01,91.8,13.9,792,0
2025-12-01,124.0,21.9,619,0
2026-01-01,112.5,22.1,666,0
2026-02-01,78.2,14.2,757,0
